[{"pk": 1, "fields": {"app_label": "admin", "model": "logentry"}, "model": "contenttypes.contenttype"}, {"pk": 2, "fields": {"app_label": "auth", "model": "permission"}, "model": "contenttypes.contenttype"}, {"pk": 3, "fields": {"app_label": "auth", "model": "group"}, "model": "contenttypes.contenttype"}, {"pk": 4, "fields": {"app_label": "auth", "model": "user"}, "model": "contenttypes.contenttype"}, {"pk": 5, "fields": {"app_label": "contenttypes", "model": "contenttype"}, "model": "contenttypes.contenttype"}, {"pk": 6, "fields": {"app_label": "sessions", "model": "session"}, "model": "contenttypes.contenttype"}, {"pk": 7, "fields": {"app_label": "exercises", "model": "mapping"}, "model": "contenttypes.contenttype"}, {"pk": 8, "fields": {"app_label": "exercises", "model": "mappingarea"}, "model": "contenttypes.contenttype"}, {"pk": 9, "fields": {"app_label": "exercises", "model": "musclegroup"}, "model": "contenttypes.contenttype"}, {"pk": 10, "fields": {"app_label": "exercises", "model": "muscletype"}, "model": "contenttypes.contenttype"}, {"pk": 11, "fields": {"app_label": "exercises", "model": "muscle"}, "model": "contenttypes.contenttype"}, {"pk": 12, "fields": {"app_label": "exercises", "model": "category"}, "model": "contenttypes.contenttype"}, {"pk": 13, "fields": {"app_label": "exercises", "model": "equipment"}, "model": "contenttypes.contenttype"}, {"pk": 14, "fields": {"app_label": "exercises", "model": "exercise"}, "model": "contenttypes.contenttype"}, {"pk": 15, "fields": {"app_label": "exercises", "model": "step"}, "model": "contenttypes.contenttype"}, {"pk": 16, "fields": {"app_label": "exercises", "model": "image"}, "model": "contenttypes.contenttype"}, {"pk": 17, "fields": {"app_label": "exercises", "model": "mappingareamuscles"}, "model": "contenttypes.contenttype"}, {"pk": 18, "fields": {"app_label": "exercises", "model": "imageexercise"}, "model": "contenttypes.contenttype"}, {"pk": 19, "fields": {"app_label": "exercises", "model": "imagemusclegroup"}, "model": "contenttypes.contenttype"}, {"pk": 20, "fields": {"app_label": "exercises", "model": "imagemuscle"}, "model": "contenttypes.contenttype"}, {"pk": 21, "fields": {"app_label": "exercises", "model": "imagecategory"}, "model": "contenttypes.contenttype"}, {"pk": 22, "fields": {"app_label": "exercises", "model": "imagemuscletype"}, "model": "contenttypes.contenttype"}, {"pk": 23, "fields": {"app_label": "exercises", "model": "imagestep"}, "model": "contenttypes.contenttype"}, {"pk": 24, "fields": {"app_label": "exercises", "model": "imageequipment"}, "model": "contenttypes.contenttype"}, {"pk": 25, "fields": {"app_label": "exercises", "model": "video"}, "model": "contenttypes.contenttype"}, {"pk": 26, "fields": {"app_label": "exercises", "model": "videoexercise"}, "model": "contenttypes.contenttype"}, {"pk": 27, "fields": {"app_label": "exercises", "model": "videocategory"}, "model": "contenttypes.contenttype"}, {"pk": 28, "fields": {"app_label": "community", "model": "message"}, "model": "contenttypes.contenttype"}, {"pk": 29, "fields": {"app_label": "community", "model": "informationmessage"}, "model": "contenttypes.contenttype"}, {"pk": 30, "fields": {"app_label": "exercises", "model": "commonspagesattributes"}, "model": "contenttypes.contenttype"}, {"pk": 31, "fields": {"app_label": "exercises", "model": "exerciseset"}, "model": "contenttypes.contenttype"}, {"pk": 32, "fields": {"app_label": "exercises", "model": "howto"}, "model": "contenttypes.contenttype"}, {"pk": "9hl1dudh9djoildkr5osbte938q8i469", "fields": {"session_data": "NGMwYmIxNzM3NGI0OTI1Njk0NzQ0MGM3MmNkOTE0ZWE1NmRmN2E3OTp7Il9hdXRoX3VzZXJfaGFzaCI6ImY3MzkyOGI3NDA5OTg4OThhZWQ0MTlkOTY3OGQ0YzgxMzUzNzNmZjQiLCJfYXV0aF91c2VyX2lkIjoiMSIsIl9hdXRoX3VzZXJfYmFja2VuZCI6ImRqYW5nby5jb250cmliLmF1dGguYmFja2VuZHMuTW9kZWxCYWNrZW5kIn0=", "expire_date": "2015-10-07T20:46:04.662Z"}, "model": "sessions.session"}, {"pk": "ppcasp0jf6onqapfxkrrcpjbi61xprhc", "fields": {"session_data": "MjJmNmI5YjhlMTY0YTU4NWMyZmIxY2E2Mjc2YTExNDgwNzM1Yjk0MTp7Il9hdXRoX3VzZXJfYmFja2VuZCI6ImRqYW5nby5jb250cmliLmF1dGguYmFja2VuZHMuTW9kZWxCYWNrZW5kIiwiX2F1dGhfdXNlcl9oYXNoIjoiZjczOTI4Yjc0MDk5ODg5OGFlZDQxOWQ5Njc4ZDRjODEzNTM3M2ZmNCIsIl9hdXRoX3VzZXJfaWQiOiIxIn0=", "expire_date": "2015-09-22T19:11:05.440Z"}, "model": "sessions.session"}, {"pk": 1, "fields": {"name": "Category push up", "description": "Push up variation bla bla bla", "keywords": "push-ups, variations, push, up"}, "model": "exercises.commonspagesattributes"}, {"pk": 1, "fields": {"width": 300, "image": "upload/exercises/mapping/muscle-anatomy-l_8k99s07.png", "alt": "Muscle mapping", "name": "category_muscle_mapping", "height": 255, "transparent_image": "upload/exercises/mapping/transparent.png"}, "model": "exercises.mapping"}, {"pk": 1, "fields": {"name": "chest_mapping", "mapping": 1, "second_image_hover": "upload/exercises/mapping/chest-hover.png", "points": "45,50,51,61,62,68,79,66,87,66,92,55,84,46,69,47,53,44", "first_image_hover": "upload/exercises/mapping/chest.png"}, "model": "exercises.mappingarea"}, {"pk": 1, "fields": {"name": "chest", "description": "Lorem ipsum dolor sit amet, consectetur adipiscing elit, sed do eiusmod tempor incididunt ut labore et dolore magna aliqua. Ut enim ad minim veniam, quis nostrud exercitation ullamco laboris nisi ut aliquip ex ea commodo consequat. Duis aute irure dolor in reprehenderit in voluptate velit esse cillum dolore eu fugiat nulla pariatur. Excepteur sint occaecat cupidatat non proident, sunt in culpa qui officia deserunt mollit anim id est laborum.", "slug": "pectorals", "active": true}, "model": "exercises.musclegroup"}, {"pk": 2, "fields": {"name": "arm", "description": "Lorem ipsum dolor sit amet, consectetur adipiscing elit, sed do eiusmod tempor incididunt ut labore et dolore magna aliqua. Ut enim ad minim veniam, quis nostrud exercitation ullamco laboris nisi ut aliquip ex ea commodo consequat. Duis aute irure dolor in reprehenderit in voluptate velit esse cillum dolore eu fugiat nulla pariatur. Excepteur sint occaecat cupidatat non proident, sunt in culpa qui officia deserunt mollit anim id est laborum.", "slug": "arms", "active": true}, "model": "exercises.musclegroup"}, {"pk": 1, "fields": {"name": "skeleton", "description": "Lorem ipsum dolor sit amet, consectetur adipiscing elit, sed do eiusmod tempor incididunt ut labore et dolore magna aliqua. Ut enim ad minim veniam, quis nostrud exercitation ullamco laboris nisi ut aliquip ex ea commodo consequat. Duis aute irure dolor in reprehenderit in voluptate velit esse cillum dolore eu fugiat nulla pariatur. Excepteur sint occaecat cupidatat non proident, sunt in culpa qui officia deserunt mollit anim id est laborum.", "slug": "skeletal-striated-muscle", "active": true}, "model": "exercises.muscletype"}, {"pk": 1, "fields": {"description": "Lorem ipsum dolor sit amet, consectetur adipiscing elit, sed do eiusmod tempor incididunt ut labore et dolore magna aliqua. Ut enim ad minim veniam, quis nostrud exercitation ullamco laboris nisi ut aliquip ex ea commodo consequat. Duis aute irure dolor in reprehenderit in voluptate velit esse cillum dolore eu fugiat nulla pariatur. Excepteur sint occaecat cupidatat non proident, sunt in culpa qui officia deserunt mollit anim id est laborum.", "type_of_muscle": 1, "active": true, "name": "Pectorals", "slug": "pectorals", "group": 1}, "model": "exercises.muscle"}, {"pk": 2, "fields": {"description": "Lorem ipsum dolor sit amet, consectetur adipiscing elit, sed do eiusmod tempor incididunt ut labore et dolore magna aliqua. Ut enim ad minim veniam, quis nostrud exercitation ullamco laboris nisi ut aliquip ex ea commodo consequat. Duis aute irure dolor in reprehenderit in voluptate velit esse cillum dolore eu fugiat nulla pariatur. Excepteur sint occaecat cupidatat non proident, sunt in culpa qui officia deserunt mollit anim id est laborum.", "type_of_muscle": 1, "active": true, "name": "biceps", "slug": "biceps", "group": 2}, "model": "exercises.muscle"}, {"pk": 1, "fields": {"description": "Lorem ipsum dolor sit amet, consectetur adipiscing elit, sed do eiusmod tempor incididunt ut labore et dolore magna aliqua. Ut enim ad minim veniam, quis nostrud exercitation ullamco laboris nisi ut aliquip ex ea commodo consequat. Duis aute irure dolor in reprehenderit in voluptate velit esse cillum dolore eu fugiat nulla pariatur. Excepteur sint occaecat cupidatat non proident, sunt in culpa qui officia deserunt mollit anim id est laborum.", "active": true, "name": "push-ups", "common_page_attribute": 1, "slug": "push-ups", "related_category": [2], "muscles": [1, 2]}, "model": "exercises.category"}, {"pk": 2, "fields": {"description": "Lorem ipsum dolor sit amet, consectetur adipiscing elit, sed do eiusmod tempor incididunt ut labore et dolore magna aliqua. Ut enim ad minim veniam, quis nostrud exercitation ullamco laboris nisi ut aliquip ex ea commodo consequat. Duis aute irure dolor in reprehenderit in voluptate velit esse cillum dolore eu fugiat nulla pariatur. Excepteur sint occaecat cupidatat non proident, sunt in culpa qui officia deserunt mollit anim id est laborum.", "active": true, "name": "dips", "common_page_attribute": 1, "slug": "dips", "related_category": [1, 3], "muscles": [1]}, "model": "exercises.category"}, {"pk": 3, "fields": {"description": "Lorem ipsum dolor sit amet, consectetur adipiscing elit, sed do eiusmod tempor incididunt ut labore et dolore magna aliqua. Ut enim ad minim veniam, quis nostrud exercitation ullamco laboris nisi ut aliquip ex ea commodo consequat. Duis aute irure dolor in reprehenderit in voluptate velit esse cillum dolore eu fugiat nulla pariatur. Excepteur sint occaecat cupidatat non proident, sunt in culpa qui officia deserunt mollit anim id est laborum.", "active": true, "name": "triceps", "common_page_attribute": 1, "slug": "triceps", "related_category": [2], "muscles": [1]}, "model": "exercises.category"}, {"pk": 1, "fields": {"description": "Lorem ipsum dolor sit amet, consectetur adipiscing elit, sed do eiusmod tempor incididunt ut labore et dolore magna aliqua. Ut enim ad minim veniam, quis nostrud exercitation ullamco laboris nisi ut aliquip ex ea commodo consequat. Duis aute irure dolor in reprehenderit in voluptate velit esse cillum dolore eu fugiat nulla pariatur. Excepteur sint occaecat cupidatat non proident, sunt in culpa qui officia deserunt mollit anim id est laborum.", "link_title": "See This Exercise", "category": 1, "equipments": [], "active": true, "name": "Hindu push-up", "related_exercises": [], "slug": "test", "level": "medium", "muscles": [1]}, "model": "exercises.exercise"}, {"pk": 2, "fields": {"description": "Lorem ipsum dolor sit amet, consectetur adipiscing elit, sed do eiusmod tempor incididunt ut labore et dolore magna aliqua. Ut enim ad minim veniam, quis nostrud exercitation ullamco laboris nisi ut aliquip ex ea commodo consequat. Duis aute irure dolor in reprehenderit in voluptate velit esse cillum dolore eu fugiat nulla pariatur. Excepteur sint occaecat cupidatat non proident, sunt in culpa qui officia deserunt mollit anim id est laborum.", "link_title": "See This Exercise", "category": 1, "equipments": [], "active": true, "name": "spiderman push up", "related_exercises": [3], "slug": "spiderman-push-up", "level": "hard", "muscles": [1]}, "model": "exercises.exercise"}, {"pk": 3, "fields": {"description": "Lorem ipsum dolor sit amet, consectetur adipiscing elit, sed do eiusmod tempor incididunt ut labore et dolore magna aliqua. Ut enim ad minim veniam, quis nostrud exercitation ullamco laboris nisi ut aliquip ex ea commodo consequat. Duis aute irure dolor in reprehenderit in voluptate velit esse cillum dolore eu fugiat nulla pariatur. Excepteur sint occaecat cupidatat non proident, sunt in culpa qui officia deserunt mollit anim id est laborum.", "link_title": "See This Exercise", "category": 1, "equipments": [], "active": true, "name": "classical push-up", "related_exercises": [2, 4, 5], "slug": "classical-push-up", "level": "easy", "muscles": [1]}, "model": "exercises.exercise"}, {"pk": 4, "fields": {"description": "Lorem ipsum dolor sit amet, consectetur adipiscing elit, sed do eiusmod tempor incididunt ut labore et dolore magna aliqua. Ut enim ad minim veniam, quis nostrud exercitation ullamco laboris nisi ut aliquip ex ea commodo consequat. Duis aute irure dolor in reprehenderit in voluptate velit esse cillum dolore eu fugiat nulla pariatur. Excepteur sint occaecat cupidatat non proident, sunt in culpa qui officia deserunt mollit anim id est laborum.", "link_title": "See This Exercise", "category": 1, "equipments": [], "active": true, "name": "diamond push-up", "related_exercises": [3], "slug": "diamond-push-up", "level": "hard", "muscles": [1, 2]}, "model": "exercises.exercise"}, {"pk": 5, "fields": {"description": "Lorem ipsum dolor sit amet, consectetur adipiscing elit, sed do eiusmod tempor incididunt ut labore et dolore magna aliqua. Ut enim ad minim veniam, quis nostrud exercitation ullamco laboris nisi ut aliquip ex ea commodo consequat. Duis aute irure dolor in reprehenderit in voluptate velit esse cillum dolore eu fugiat nulla pariatur. Excepteur sint occaecat cupidatat non proident, sunt in culpa qui officia deserunt mollit anim id est laborum.", "link_title": "See This Exercise", "category": 1, "equipments": [], "active": false, "name": "spartan push-up", "related_exercises": [3], "slug": "spartan-push-up", "level": "hard", "muscles": [1]}, "model": "exercises.exercise"}, {"pk": 6, "fields": {"description": "Lorem ipsum dolor sit amet, consectetur adipiscing elit, sed do eiusmod tempor incididunt ut labore et dolore magna aliqua. Ut enim ad minim veniam, quis nostrud exercitation ullamco laboris nisi ut aliquip ex ea commodo consequat. Duis aute irure dolor in reprehenderit in voluptate velit esse cillum dolore eu fugiat nulla pariatur. Excepteur sint occaecat cupidatat non proident, sunt in culpa qui officia deserunt mollit anim id est laborum.", "link_title": "See This Exercise", "category": 1, "equipments": [], "active": true, "name": "archer push up", "related_exercises": [], "slug": "archer-push-up", "level": "medium", "muscles": [1]}, "model": "exercises.exercise"}, {"pk": 1, "fields": {"name": "Lower yourself to the ground, then push up.", "description": "Keep your back straight and tense your abs and chest. Make sure to keep your fingers in the correct diamond position. Repeat.", "image": "upload/exercises/670px-Do-a-Diamond-Pushup-Step-4-Version-2.jpg"}, "model": "exercises.step"}, {"pk": 2, "fields": {"name": "Place your hands under your chest and make a diamond shape", "description": "Touch your forefingers together and your thumbs together. This forms your diamond, also known as a pyramid.", "image": "upload/exercises/670px-Do-a-Diamond-Pushup-Step-3-Version-2.jpg"}, "model": "exercises.step"}, {"pk": 3, "fields": {"name": "level ", "description": "Lorem ipsum dolor sit amet, consectetur adipiscing elit, sed do eiusmod tempor incididunt ut labore et dolore magna aliqua. Ut enim ad minim veniam, quis nostrud exercitation ullamco laboris nisi ut aliquip ex ea commodo consequat. Duis aute irure dolor in reprehenderit in voluptate velit esse cillum dolore eu fugiat nulla pariatur. Excepteur sint occaecat cupidatat non proident, sunt in culpa qui officia deserunt mollit anim id est laborum.", "image": ""}, "model": "exercises.step"}, {"pk": 1, "fields": {"name": "how to do a diamond push up", "description": "Lorem ipsum dolor sit amet, consectetur adipiscing elit, sed do eiusmod tempor incididunt ut labore et dolore magna aliqua. Ut enim ad minim veniam, quis nostrud exercitation ullamco laboris nisi ut aliquip ex ea commodo consequat. Duis aute irure dolor in reprehenderit in voluptate velit esse cillum dolore eu fugiat nulla pariatur. Excepteur sint occaecat cupidatat non proident, sunt in culpa qui officia deserunt mollit anim id est laborum.", "main": true, "exercise": 4, "active": true}, "model": "exercises.howto"}, {"pk": 1, "fields": {"position_step": 1, "how_to": 1, "step": 2}, "model": "exercises.exerciseset"}, {"pk": 2, "fields": {"position_step": 2, "how_to": 1, "step": 1}, "model": "exercises.exerciseset"}, {"pk": 1, "fields": {"description": "Lorem ipsum dolor sit amet, consectetur adipiscing elit, sed do eiusmod tempor incididunt ut labore et dolore magna aliqua. Ut enim ad minim veniam, quis nostrud exercitation ullamco laboris nisi ut aliquip ex ea commodo consequat. Duis aute irure dolor in reprehenderit in voluptate velit esse cillum dolore eu fugiat nulla pariatur. Excepteur sint occaecat cupidatat non proident, sunt in culpa qui officia deserunt mollit anim id est laborum.", "active": true, "alt": "decline push up", "name": "Decline Push ups image test", "main": false, "image": "upload/exercises/Decline_Pushup1.png"}, "model": "exercises.image"}, {"pk": 2, "fields": {"description": "Lorem ipsum dolor sit amet, consectetur adipiscing elit, sed do eiusmod tempor incididunt ut labore et dolore magna aliqua. Ut enim ad minim veniam, quis nostrud exercitation ullamco laboris nisi ut aliquip ex ea commodo consequat. Duis aute irure dolor in reprehenderit in voluptate velit esse cillum dolore eu fugiat nulla pariatur. Excepteur sint occaecat cupidatat non proident, sunt in culpa qui officia deserunt mollit anim id est laborum.", "active": true, "alt": "classical push up", "name": "classical push up", "main": false, "image": "upload/exercises/Pushup.png"}, "model": "exercises.image"}, {"pk": 3, "fields": {"description": "Lorem ipsum dolor sit amet, consectetur adipiscing elit, sed do eiusmod tempor incididunt ut labore et dolore magna aliqua. Ut enim ad minim veniam, quis nostrud exercitation ullamco laboris nisi ut aliquip ex ea commodo consequat. Duis aute irure dolor in reprehenderit in voluptate velit esse cillum dolore eu fugiat nulla pariatur. Excepteur sint occaecat cupidatat non proident, sunt in culpa qui officia deserunt mollit anim id est laborum.", "active": true, "alt": "classical push up", "name": "main image", "main": true, "image": "upload/exercises/classic_483x350_1.jpg"}, "model": "exercises.image"}, {"pk": 4, "fields": {"description": "Lorem ipsum dolor sit amet, consectetur adipiscing elit, sed do eiusmod tempor incididunt ut labore et dolore magna aliqua. Ut enim ad minim veniam, quis nostrud exercitation ullamco laboris nisi ut aliquip ex ea commodo consequat. Duis aute irure dolor in reprehenderit in voluptate velit esse cillum dolore eu fugiat nulla pariatur. Excepteur sint occaecat cupidatat non proident, sunt in culpa qui officia deserunt mollit anim id est laborum.", "active": true, "alt": "Classical dips", "name": "main dips image", "main": true, "image": "upload/exercises/Dips.png"}, "model": "exercises.image"}, {"pk": 5, "fields": {"description": "Lorem ipsum dolor sit amet, consectetur adipiscing elit, sed do eiusmod tempor incididunt ut labore et dolore magna aliqua. Ut enim ad minim veniam, quis nostrud exercitation ullamco laboris nisi ut aliquip ex ea commodo consequat. Duis aute irure dolor in reprehenderit in voluptate velit esse cillum dolore eu fugiat nulla pariatur. Excepteur sint occaecat cupidatat non proident, sunt in culpa qui officia deserunt mollit anim id est laborum.", "active": true, "alt": "test tes ", "name": "test image", "main": true, "image": "upload/exercises/hqdefault.jpg"}, "model": "exercises.image"}, {"pk": 6, "fields": {"description": "Lorem ipsum dolor sit amet, consectetur adipiscing elit, sed do eiusmod tempor incididunt ut labore et dolore magna aliqua. Ut enim ad minim veniam, quis nostrud exercitation ullamco laboris nisi ut aliquip ex ea commodo consequat. Duis aute irure dolor in reprehenderit in voluptate velit esse cillum dolore eu fugiat nulla pariatur. Excepteur sint occaecat cupidatat non proident, sunt in culpa qui officia deserunt mollit anim id est laborum.", "active": true, "alt": "spiderman push up", "name": "test", "main": true, "image": "upload/exercises/Spiderman-Push-up.jpg"}, "model": "exercises.image"}, {"pk": 7, "fields": {"description": "Lorem ipsum dolor sit amet, consectetur adipiscing elit, sed do eiusmod tempor incididunt ut labore et dolore magna aliqua. Ut enim ad minim veniam, quis nostrud exercitation ullamco laboris nisi ut aliquip ex ea commodo consequat. Duis aute irure dolor in reprehenderit in voluptate velit esse cillum dolore eu fugiat nulla pariatur. Excepteur sint occaecat cupidatat non proident, sunt in culpa qui officia deserunt mollit anim id est laborum.", "active": true, "alt": "classical push up", "name": "classical push up", "main": true, "image": "upload/exercises/MensPushUps-e1385329540188.jpg"}, "model": "exercises.image"}, {"pk": 8, "fields": {"description": "Lorem ipsum dolor sit amet, consectetur adipiscing elit, sed do eiusmod tempor incididunt ut labore et dolore magna aliqua. Ut enim ad minim veniam, quis nostrud exercitation ullamco laboris nisi ut aliquip ex ea commodo consequat. Duis aute irure dolor in reprehenderit in voluptate velit esse cillum dolore eu fugiat nulla pariatur. Excepteur sint occaecat cupidatat non proident, sunt in culpa qui officia deserunt mollit anim id est laborum.", "active": true, "alt": "diamon push up", "name": "diamond push up", "main": true, "image": "upload/exercises/diamondbent_483x300.jpg"}, "model": "exercises.image"}, {"pk": 9, "fields": {"description": "Lorem ipsum dolor sit amet, consectetur adipiscing elit, sed do eiusmod tempor incididunt ut labore et dolore magna aliqua. Ut enim ad minim veniam, quis nostrud exercitation ullamco laboris nisi ut aliquip ex ea commodo consequat. Duis aute irure dolor in reprehenderit in voluptate velit esse cillum dolore eu fugiat nulla pariatur. Excepteur sint occaecat cupidatat non proident, sunt in culpa qui officia deserunt mollit anim id est laborum.", "active": true, "alt": "archer push up", "name": "archer-push-up", "main": true, "image": "upload/exercises/Archer-Push-Up-Floor-Version.jpg"}, "model": "exercises.image"}, {"pk": 1, "fields": {"binding": 1}, "model": "exercises.mappingareamuscles"}, {"pk": 5, "fields": {"binding": 1}, "model": "exercises.imageexercise"}, {"pk": 6, "fields": {"binding": 2}, "model": "exercises.imageexercise"}, {"pk": 7, "fields": {"binding": 3}, "model": "exercises.imageexercise"}, {"pk": 8, "fields": {"binding": 4}, "model": "exercises.imageexercise"}, {"pk": 9, "fields": {"binding": 6}, "model": "exercises.imageexercise"}, {"pk": 1, "fields": {"binding": 1}, "model": "exercises.imagecategory"}, {"pk": 2, "fields": {"binding": 1}, "model": "exercises.imagecategory"}, {"pk": 3, "fields": {"binding": 1}, "model": "exercises.imagecategory"}, {"pk": 4, "fields": {"binding": 2}, "model": "exercises.imagecategory"}, {"pk": 1, "fields": {"player_width": 560, "thumbnail_url": "http://img.youtube.com/vi/tccdbY5xcf4/0.jpg", "active": true, "alt": "test video", "description": "test video", "main": true, "origin_url": "https://www.youtube.com/watch?v=tccdbY5xcf4", "youtube_id": "tccdbY5xcf4", "player_height": 316, "name": "test video", "embedded_url": "https://www.youtube.com/embed/tccdbY5xcf4", "duration": "5:59"}, "model": "exercises.video"}, {"pk": 2, "fields": {"player_width": 560, "thumbnail_url": "http://img.youtube.com/vi/Nj1NvN7Te_s/0.jpg", "active": true, "alt": "dededed", "description": "deded", "main": false, "origin_url": "https://www.youtube.com/watch?v=Nj1NvN7Te_s", "youtube_id": "Nj1NvN7Te_s", "player_height": 315, "name": "test2", "embedded_url": "https://www.youtube.com/embed/Nj1NvN7Te_s", "duration": "2:14"}, "model": "exercises.video"}, {"pk": 1, "fields": {"binding": 1}, "model": "exercises.videocategory"}, {"pk": 2, "fields": {"binding": 1}, "model": "exercises.videocategory"}, {"pk": 1, "fields": {"name": "Can add log entry", "codename": "add_logentry", "content_type": 1}, "model": "auth.permission"}, {"pk": 2, "fields": {"name": "Can change log entry", "codename": "change_logentry", "content_type": 1}, "model": "auth.permission"}, {"pk": 3, "fields": {"name": "Can delete log entry", "codename": "delete_logentry", "content_type": 1}, "model": "auth.permission"}, {"pk": 4, "fields": {"name": "Can add permission", "codename": "add_permission", "content_type": 2}, "model": "auth.permission"}, {"pk": 5, "fields": {"name": "Can change permission", "codename": "change_permission", "content_type": 2}, "model": "auth.permission"}, {"pk": 6, "fields": {"name": "Can delete permission", "codename": "delete_permission", "content_type": 2}, "model": "auth.permission"}, {"pk": 7, "fields": {"name": "Can add group", "codename": "add_group", "content_type": 3}, "model": "auth.permission"}, {"pk": 8, "fields": {"name": "Can change group", "codename": "change_group", "content_type": 3}, "model": "auth.permission"}, {"pk": 9, "fields": {"name": "Can delete group", "codename": "delete_group", "content_type": 3}, "model": "auth.permission"}, {"pk": 10, "fields": {"name": "Can add user", "codename": "add_user", "content_type": 4}, "model": "auth.permission"}, {"pk": 11, "fields": {"name": "Can change user", "codename": "change_user", "content_type": 4}, "model": "auth.permission"}, {"pk": 12, "fields": {"name": "Can delete user", "codename": "delete_user", "content_type": 4}, "model": "auth.permission"}, {"pk": 13, "fields": {"name": "Can add content type", "codename": "add_contenttype", "content_type": 5}, "model": "auth.permission"}, {"pk": 14, "fields": {"name": "Can change content type", "codename": "change_contenttype", "content_type": 5}, "model": "auth.permission"}, {"pk": 15, "fields": {"name": "Can delete content type", "codename": "delete_contenttype", "content_type": 5}, "model": "auth.permission"}, {"pk": 16, "fields": {"name": "Can add session", "codename": "add_session", "content_type": 6}, "model": "auth.permission"}, {"pk": 17, "fields": {"name": "Can change session", "codename": "change_session", "content_type": 6}, "model": "auth.permission"}, {"pk": 18, "fields": {"name": "Can delete session", "codename": "delete_session", "content_type": 6}, "model": "auth.permission"}, {"pk": 19, "fields": {"name": "Can add mapping", "codename": "add_mapping", "content_type": 7}, "model": "auth.permission"}, {"pk": 20, "fields": {"name": "Can change mapping", "codename": "change_mapping", "content_type": 7}, "model": "auth.permission"}, {"pk": 21, "fields": {"name": "Can delete mapping", "codename": "delete_mapping", "content_type": 7}, "model": "auth.permission"}, {"pk": 22, "fields": {"name": "Can add mapping area", "codename": "add_mappingarea", "content_type": 8}, "model": "auth.permission"}, {"pk": 23, "fields": {"name": "Can change mapping area", "codename": "change_mappingarea", "content_type": 8}, "model": "auth.permission"}, {"pk": 24, "fields": {"name": "Can delete mapping area", "codename": "delete_mappingarea", "content_type": 8}, "model": "auth.permission"}, {"pk": 25, "fields": {"name": "Can add muscle group", "codename": "add_musclegroup", "content_type": 9}, "model": "auth.permission"}, {"pk": 26, "fields": {"name": "Can change muscle group", "codename": "change_musclegroup", "content_type": 9}, "model": "auth.permission"}, {"pk": 27, "fields": {"name": "Can delete muscle group", "codename": "delete_musclegroup", "content_type": 9}, "model": "auth.permission"}, {"pk": 28, "fields": {"name": "Can add muscle type", "codename": "add_muscletype", "content_type": 10}, "model": "auth.permission"}, {"pk": 29, "fields": {"name": "Can change muscle type", "codename": "change_muscletype", "content_type": 10}, "model": "auth.permission"}, {"pk": 30, "fields": {"name": "Can delete muscle type", "codename": "delete_muscletype", "content_type": 10}, "model": "auth.permission"}, {"pk": 31, "fields": {"name": "Can add muscle", "codename": "add_muscle", "content_type": 11}, "model": "auth.permission"}, {"pk": 32, "fields": {"name": "Can change muscle", "codename": "change_muscle", "content_type": 11}, "model": "auth.permission"}, {"pk": 33, "fields": {"name": "Can delete muscle", "codename": "delete_muscle", "content_type": 11}, "model": "auth.permission"}, {"pk": 34, "fields": {"name": "Can add category", "codename": "add_category", "content_type": 12}, "model": "auth.permission"}, {"pk": 35, "fields": {"name": "Can change category", "codename": "change_category", "content_type": 12}, "model": "auth.permission"}, {"pk": 36, "fields": {"name": "Can delete category", "codename": "delete_category", "content_type": 12}, "model": "auth.permission"}, {"pk": 37, "fields": {"name": "Can add equipment", "codename": "add_equipment", "content_type": 13}, "model": "auth.permission"}, {"pk": 38, "fields": {"name": "Can change equipment", "codename": "change_equipment", "content_type": 13}, "model": "auth.permission"}, {"pk": 39, "fields": {"name": "Can delete equipment", "codename": "delete_equipment", "content_type": 13}, "model": "auth.permission"}, {"pk": 40, "fields": {"name": "Can add exercise", "codename": "add_exercise", "content_type": 14}, "model": "auth.permission"}, {"pk": 41, "fields": {"name": "Can change exercise", "codename": "change_exercise", "content_type": 14}, "model": "auth.permission"}, {"pk": 42, "fields": {"name": "Can delete exercise", "codename": "delete_exercise", "content_type": 14}, "model": "auth.permission"}, {"pk": 43, "fields": {"name": "Can add step", "codename": "add_step", "content_type": 15}, "model": "auth.permission"}, {"pk": 44, "fields": {"name": "Can change step", "codename": "change_step", "content_type": 15}, "model": "auth.permission"}, {"pk": 45, "fields": {"name": "Can delete step", "codename": "delete_step", "content_type": 15}, "model": "auth.permission"}, {"pk": 46, "fields": {"name": "Can add image", "codename": "add_image", "content_type": 16}, "model": "auth.permission"}, {"pk": 47, "fields": {"name": "Can change image", "codename": "change_image", "content_type": 16}, "model": "auth.permission"}, {"pk": 48, "fields": {"name": "Can delete image", "codename": "delete_image", "content_type": 16}, "model": "auth.permission"}, {"pk": 49, "fields": {"name": "Can add mapping area muscles", "codename": "add_mappingareamuscles", "content_type": 17}, "model": "auth.permission"}, {"pk": 50, "fields": {"name": "Can change mapping area muscles", "codename": "change_mappingareamuscles", "content_type": 17}, "model": "auth.permission"}, {"pk": 51, "fields": {"name": "Can delete mapping area muscles", "codename": "delete_mappingareamuscles", "content_type": 17}, "model": "auth.permission"}, {"pk": 52, "fields": {"name": "Can add image exercise", "codename": "add_imageexercise", "content_type": 18}, "model": "auth.permission"}, {"pk": 53, "fields": {"name": "Can change image exercise", "codename": "change_imageexercise", "content_type": 18}, "model": "auth.permission"}, {"pk": 54, "fields": {"name": "Can delete image exercise", "codename": "delete_imageexercise", "content_type": 18}, "model": "auth.permission"}, {"pk": 55, "fields": {"name": "Can add image muscle group", "codename": "add_imagemusclegroup", "content_type": 19}, "model": "auth.permission"}, {"pk": 56, "fields": {"name": "Can change image muscle group", "codename": "change_imagemusclegroup", "content_type": 19}, "model": "auth.permission"}, {"pk": 57, "fields": {"name": "Can delete image muscle group", "codename": "delete_imagemusclegroup", "content_type": 19}, "model": "auth.permission"}, {"pk": 58, "fields": {"name": "Can add image muscle", "codename": "add_imagemuscle", "content_type": 20}, "model": "auth.permission"}, {"pk": 59, "fields": {"name": "Can change image muscle", "codename": "change_imagemuscle", "content_type": 20}, "model": "auth.permission"}, {"pk": 60, "fields": {"name": "Can delete image muscle", "codename": "delete_imagemuscle", "content_type": 20}, "model": "auth.permission"}, {"pk": 61, "fields": {"name": "Can add image category", "codename": "add_imagecategory", "content_type": 21}, "model": "auth.permission"}, {"pk": 62, "fields": {"name": "Can change image category", "codename": "change_imagecategory", "content_type": 21}, "model": "auth.permission"}, {"pk": 63, "fields": {"name": "Can delete image category", "codename": "delete_imagecategory", "content_type": 21}, "model": "auth.permission"}, {"pk": 64, "fields": {"name": "Can add image muscle type", "codename": "add_imagemuscletype", "content_type": 22}, "model": "auth.permission"}, {"pk": 65, "fields": {"name": "Can change image muscle type", "codename": "change_imagemuscletype", "content_type": 22}, "model": "auth.permission"}, {"pk": 66, "fields": {"name": "Can delete image muscle type", "codename": "delete_imagemuscletype", "content_type": 22}, "model": "auth.permission"}, {"pk": 67, "fields": {"name": "Can add image step", "codename": "add_imagestep", "content_type": 23}, "model": "auth.permission"}, {"pk": 68, "fields": {"name": "Can change image step", "codename": "change_imagestep", "content_type": 23}, "model": "auth.permission"}, {"pk": 69, "fields": {"name": "Can delete image step", "codename": "delete_imagestep", "content_type": 23}, "model": "auth.permission"}, {"pk": 70, "fields": {"name": "Can add image equipment", "codename": "add_imageequipment", "content_type": 24}, "model": "auth.permission"}, {"pk": 71, "fields": {"name": "Can change image equipment", "codename": "change_imageequipment", "content_type": 24}, "model": "auth.permission"}, {"pk": 72, "fields": {"name": "Can delete image equipment", "codename": "delete_imageequipment", "content_type": 24}, "model": "auth.permission"}, {"pk": 73, "fields": {"name": "Can add video", "codename": "add_video", "content_type": 25}, "model": "auth.permission"}, {"pk": 74, "fields": {"name": "Can change video", "codename": "change_video", "content_type": 25}, "model": "auth.permission"}, {"pk": 75, "fields": {"name": "Can delete video", "codename": "delete_video", "content_type": 25}, "model": "auth.permission"}, {"pk": 76, "fields": {"name": "Can add video exercise", "codename": "add_videoexercise", "content_type": 26}, "model": "auth.permission"}, {"pk": 77, "fields": {"name": "Can change video exercise", "codename": "change_videoexercise", "content_type": 26}, "model": "auth.permission"}, {"pk": 78, "fields": {"name": "Can delete video exercise", "codename": "delete_videoexercise", "content_type": 26}, "model": "auth.permission"}, {"pk": 79, "fields": {"name": "Can add video category", "codename": "add_videocategory", "content_type": 27}, "model": "auth.permission"}, {"pk": 80, "fields": {"name": "Can change video category", "codename": "change_videocategory", "content_type": 27}, "model": "auth.permission"}, {"pk": 81, "fields": {"name": "Can delete video category", "codename": "delete_videocategory", "content_type": 27}, "model": "auth.permission"}, {"pk": 82, "fields": {"name": "Can add message", "codename": "add_message", "content_type": 28}, "model": "auth.permission"}, {"pk": 83, "fields": {"name": "Can change message", "codename": "change_message", "content_type": 28}, "model": "auth.permission"}, {"pk": 84, "fields": {"name": "Can delete message", "codename": "delete_message", "content_type": 28}, "model": "auth.permission"}, {"pk": 85, "fields": {"name": "Can add information message", "codename": "add_informationmessage", "content_type": 29}, "model": "auth.permission"}, {"pk": 86, "fields": {"name": "Can change information message", "codename": "change_informationmessage", "content_type": 29}, "model": "auth.permission"}, {"pk": 87, "fields": {"name": "Can delete information message", "codename": "delete_informationmessage", "content_type": 29}, "model": "auth.permission"}, {"pk": 88, "fields": {"name": "Can add commons pages attributes", "codename": "add_commonspagesattributes", "content_type": 30}, "model": "auth.permission"}, {"pk": 89, "fields": {"name": "Can change commons pages attributes", "codename": "change_commonspagesattributes", "content_type": 30}, "model": "auth.permission"}, {"pk": 90, "fields": {"name": "Can delete commons pages attributes", "codename": "delete_commonspagesattributes", "content_type": 30}, "model": "auth.permission"}, {"pk": 91, "fields": {"name": "Can add exercise set", "codename": "add_exerciseset", "content_type": 31}, "model": "auth.permission"}, {"pk": 92, "fields": {"name": "Can change exercise set", "codename": "change_exerciseset", "content_type": 31}, "model": "auth.permission"}, {"pk": 93, "fields": {"name": "Can delete exercise set", "codename": "delete_exerciseset", "content_type": 31}, "model": "auth.permission"}, {"pk": 94, "fields": {"name": "Can add how to", "codename": "add_howto", "content_type": 32}, "model": "auth.permission"}, {"pk": 95, "fields": {"name": "Can change how to", "codename": "change_howto", "content_type": 32}, "model": "auth.permission"}, {"pk": 96, "fields": {"name": "Can delete how to", "codename": "delete_howto", "content_type": 32}, "model": "auth.permission"}, {"pk": 1, "fields": {"username": "herve", "is_superuser": true, "password": "pbkdf2_sha256$20000$okZL1Y1QW1Ho$Pd97iLucVNkACChw1ixYpnwDVipfVQnP1UXPQHE4dIk=", "date_joined": "2015-09-08T18:43:32.729Z", "is_active": true, "groups": [], "user_permissions": [], "email": "rvbp13@gmail.com", "first_name": "", "is_staff": true, "last_login": "2015-09-23T20:46:04.548Z", "last_name": ""}, "model": "auth.user"}, {"pk": 1, "fields": {"publish_date": "2015-09-09T17:43:50.923Z", "display_date": "2015-09-09T17:43:29Z", "title": "test", "expiration_date": "2015-09-10T17:43:36Z", "text": "test", "author": 1}, "model": "community.message"}, {"pk": 1, "fields": {"display_once": true, "type": "info", "active": true}, "model": "community.informationmessage"}, {"pk": 1, "fields": {"change_message": "Added video category \"test video\".", "user": 1, "object_repr": "push-ups", "action_time": "2015-09-08T19:18:59.668Z", "object_id": "1", "action_flag": 2, "content_type": 12}, "model": "admin.logentry"}, {"pk": 2, "fields": {"change_message": "Changed url for video category \"test video\".", "user": 1, "object_repr": "push-ups", "action_time": "2015-09-08T19:22:27.382Z", "object_id": "1", "action_flag": 2, "content_type": 12}, "model": "admin.logentry"}, {"pk": 3, "fields": {"change_message": "", "user": 1, "object_repr": "InformationMessage object", "action_time": "2015-09-09T17:43:50.941Z", "object_id": "1", "action_flag": 1, "content_type": 29}, "model": "admin.logentry"}, {"pk": 4, "fields": {"change_message": "Changed player_width and player_height for video category \"test video\".", "user": 1, "object_repr": "push-ups", "action_time": "2015-09-09T17:54:55.318Z", "object_id": "1", "action_flag": 2, "content_type": 12}, "model": "admin.logentry"}, {"pk": 5, "fields": {"change_message": "Added video category \"test2\". Changed duration for video category \"test video\".", "user": 1, "object_repr": "push-ups", "action_time": "2015-09-10T19:26:22.519Z", "object_id": "1", "action_flag": 2, "content_type": 12}, "model": "admin.logentry"}, {"pk": 6, "fields": {"change_message": "Changed player_width and player_height for video category \"test2\".", "user": 1, "object_repr": "push-ups", "action_time": "2015-09-11T06:40:35.107Z", "object_id": "1", "action_flag": 2, "content_type": 12}, "model": "admin.logentry"}, {"pk": 7, "fields": {"change_message": "Changed duration for video category \"test video\". Changed duration for video category \"test2\".", "user": 1, "object_repr": "push-ups", "action_time": "2015-09-11T07:57:38.250Z", "object_id": "1", "action_flag": 2, "content_type": 12}, "model": "admin.logentry"}, {"pk": 8, "fields": {"change_message": "Changed origin_url for video category \"test video\". Changed origin_url for video category \"test2\".", "user": 1, "object_repr": "push-ups", "action_time": "2015-09-11T11:19:13.013Z", "object_id": "1", "action_flag": 2, "content_type": 12}, "model": "admin.logentry"}, {"pk": 9, "fields": {"change_message": "Added image category \"Decline Push ups image test\". Added image category \"classical push up\".", "user": 1, "object_repr": "push-ups", "action_time": "2015-09-11T18:10:40.595Z", "object_id": "1", "action_flag": 2, "content_type": 12}, "model": "admin.logentry"}, {"pk": 10, "fields": {"change_message": "", "user": 1, "object_repr": "CommonsPagesAttributes object", "action_time": "2015-09-11T18:35:52.768Z", "object_id": "1", "action_flag": 1, "content_type": 30}, "model": "admin.logentry"}, {"pk": 11, "fields": {"change_message": "Changed name.", "user": 1, "object_repr": "Category push up", "action_time": "2015-09-11T18:37:35.711Z", "object_id": "1", "action_flag": 2, "content_type": 30}, "model": "admin.logentry"}, {"pk": 12, "fields": {"change_message": "No fields changed.", "user": 1, "object_repr": "push-ups", "action_time": "2015-09-11T18:37:43.735Z", "object_id": "1", "action_flag": 2, "content_type": 12}, "model": "admin.logentry"}, {"pk": 13, "fields": {"change_message": "Added image category \"main image\".", "user": 1, "object_repr": "push-ups", "action_time": "2015-09-11T18:51:29.538Z", "object_id": "1", "action_flag": 2, "content_type": 12}, "model": "admin.logentry"}, {"pk": 14, "fields": {"change_message": "", "user": 1, "object_repr": "arm", "action_time": "2015-09-12T16:01:53.971Z", "object_id": "2", "action_flag": 1, "content_type": 9}, "model": "admin.logentry"}, {"pk": 15, "fields": {"change_message": "", "user": 1, "object_repr": "biceps", "action_time": "2015-09-12T16:02:14.317Z", "object_id": "2", "action_flag": 1, "content_type": 11}, "model": "admin.logentry"}, {"pk": 16, "fields": {"change_message": "Changed muscles.", "user": 1, "object_repr": "push-ups", "action_time": "2015-09-12T16:02:30.649Z", "object_id": "1", "action_flag": 2, "content_type": 12}, "model": "admin.logentry"}, {"pk": 17, "fields": {"change_message": "Changed main for video category \"test video\".", "user": 1, "object_repr": "push-ups", "action_time": "2015-09-12T16:15:35.356Z", "object_id": "1", "action_flag": 2, "content_type": 12}, "model": "admin.logentry"}, {"pk": 18, "fields": {"change_message": "", "user": 1, "object_repr": "test", "action_time": "2015-09-12T22:59:15.603Z", "object_id": "1", "action_flag": 1, "content_type": 14}, "model": "admin.logentry"}, {"pk": 19, "fields": {"change_message": "", "user": 1, "object_repr": "dips", "action_time": "2015-09-13T20:56:02.291Z", "object_id": "2", "action_flag": 1, "content_type": 12}, "model": "admin.logentry"}, {"pk": 20, "fields": {"change_message": "Added image exercise \"test image\".", "user": 1, "object_repr": "test", "action_time": "2015-09-13T21:52:30.728Z", "object_id": "1", "action_flag": 2, "content_type": 14}, "model": "admin.logentry"}, {"pk": 21, "fields": {"change_message": "", "user": 1, "object_repr": "triceps", "action_time": "2015-09-13T22:02:23.387Z", "object_id": "3", "action_flag": 1, "content_type": 12}, "model": "admin.logentry"}, {"pk": 22, "fields": {"change_message": "", "user": 1, "object_repr": "spiderman push up", "action_time": "2015-09-14T20:52:52.628Z", "object_id": "2", "action_flag": 1, "content_type": 14}, "model": "admin.logentry"}, {"pk": 23, "fields": {"change_message": "Changed name.", "user": 1, "object_repr": "Hindu push-up", "action_time": "2015-09-14T20:55:35.961Z", "object_id": "1", "action_flag": 2, "content_type": 14}, "model": "admin.logentry"}, {"pk": 24, "fields": {"change_message": "Changed level.", "user": 1, "object_repr": "Hindu push-up", "action_time": "2015-09-14T20:57:18.819Z", "object_id": "1", "action_flag": 2, "content_type": 14}, "model": "admin.logentry"}, {"pk": 25, "fields": {"change_message": "", "user": 1, "object_repr": "category_muscle_mapping", "action_time": "2015-09-16T17:58:52.676Z", "object_id": "1", "action_flag": 1, "content_type": 7}, "model": "admin.logentry"}, {"pk": 26, "fields": {"change_message": "Added mapping area muscles \"chest_mapping\".", "user": 1, "object_repr": "Pectorals", "action_time": "2015-09-16T18:44:33.105Z", "object_id": "1", "action_flag": 2, "content_type": 11}, "model": "admin.logentry"}, {"pk": 27, "fields": {"change_message": "Changed transparent_image.", "user": 1, "object_repr": "category_muscle_mapping", "action_time": "2015-09-16T20:08:39.864Z", "object_id": "1", "action_flag": 2, "content_type": 7}, "model": "admin.logentry"}, {"pk": 28, "fields": {"change_message": "", "user": 1, "object_repr": "classical push-up", "action_time": "2015-09-17T19:30:17.836Z", "object_id": "3", "action_flag": 1, "content_type": 14}, "model": "admin.logentry"}, {"pk": 29, "fields": {"change_message": "", "user": 1, "object_repr": "diamond push-up", "action_time": "2015-09-17T19:31:20.804Z", "object_id": "4", "action_flag": 1, "content_type": 14}, "model": "admin.logentry"}, {"pk": 30, "fields": {"change_message": "", "user": 1, "object_repr": "spartan push-up", "action_time": "2015-09-17T19:32:12.312Z", "object_id": "5", "action_flag": 1, "content_type": 14}, "model": "admin.logentry"}, {"pk": 31, "fields": {"change_message": "Added image exercise \"test\".", "user": 1, "object_repr": "spiderman push up", "action_time": "2015-09-17T21:59:48.912Z", "object_id": "2", "action_flag": 2, "content_type": 14}, "model": "admin.logentry"}, {"pk": 32, "fields": {"change_message": "Added image exercise \"classical push up\".", "user": 1, "object_repr": "classical push-up", "action_time": "2015-09-18T16:50:40.504Z", "object_id": "3", "action_flag": 2, "content_type": 14}, "model": "admin.logentry"}, {"pk": 33, "fields": {"change_message": "Changed image for image exercise \"test image\".", "user": 1, "object_repr": "Hindu push-up", "action_time": "2015-09-18T17:01:22.791Z", "object_id": "1", "action_flag": 2, "content_type": 14}, "model": "admin.logentry"}, {"pk": 34, "fields": {"change_message": "Added image exercise \"diamond push up\".", "user": 1, "object_repr": "diamond push-up", "action_time": "2015-09-18T19:59:58.901Z", "object_id": "4", "action_flag": 2, "content_type": 14}, "model": "admin.logentry"}, {"pk": 35, "fields": {"change_message": "", "user": 1, "object_repr": "archer push up", "action_time": "2015-09-19T15:15:53.322Z", "object_id": "6", "action_flag": 1, "content_type": 14}, "model": "admin.logentry"}, {"pk": 36, "fields": {"change_message": "Changed active.", "user": 1, "object_repr": "spartan push-up", "action_time": "2015-09-19T15:20:14.491Z", "object_id": "5", "action_flag": 2, "content_type": 14}, "model": "admin.logentry"}, {"pk": 37, "fields": {"change_message": "Added step \"test\".", "user": 1, "object_repr": "diamond push-up", "action_time": "2015-09-23T20:47:54.866Z", "object_id": "4", "action_flag": 2, "content_type": 14}, "model": "admin.logentry"}, {"pk": 38, "fields": {"change_message": "Added exercise set \"test\".", "user": 1, "object_repr": "diamond push-up", "action_time": "2015-09-23T20:49:54.204Z", "object_id": "4", "action_flag": 2, "content_type": 14}, "model": "admin.logentry"}, {"pk": 39, "fields": {"change_message": "Changed main for exercise set \"test\".", "user": 1, "object_repr": "diamond push-up", "action_time": "2015-09-25T06:49:33.394Z", "object_id": "4", "action_flag": 2, "content_type": 14}, "model": "admin.logentry"}, {"pk": 40, "fields": {"change_message": "Changed index.", "user": 1, "object_repr": "1. test", "action_time": "2015-09-25T20:21:03.128Z", "object_id": "1", "action_flag": 2, "content_type": 15}, "model": "admin.logentry"}, {"pk": 41, "fields": {"change_message": "Changed index.", "user": 1, "object_repr": "0. test", "action_time": "2015-09-25T21:27:05.271Z", "object_id": "1", "action_flag": 2, "content_type": 15}, "model": "admin.logentry"}, {"pk": 42, "fields": {"change_message": "", "user": 1, "object_repr": "1. test2", "action_time": "2015-09-26T18:54:03.400Z", "object_id": "2", "action_flag": 1, "content_type": 15}, "model": "admin.logentry"}, {"pk": 43, "fields": {"change_message": "Changed steps for exercise set \"test\".", "user": 1, "object_repr": "diamond push-up", "action_time": "2015-09-26T18:54:13.111Z", "object_id": "4", "action_flag": 2, "content_type": 14}, "model": "admin.logentry"}, {"pk": 44, "fields": {"change_message": "Changed name and description.", "user": 1, "object_repr": "1. Place your hands under your chest and make a diamond shape", "action_time": "2015-09-26T19:25:40.658Z", "object_id": "2", "action_flag": 2, "content_type": 15}, "model": "admin.logentry"}, {"pk": 45, "fields": {"change_message": "Changed name, description, index and image.", "user": 1, "object_repr": "2. Lower yourself to the ground, then push up.", "action_time": "2015-09-26T19:27:09.030Z", "object_id": "1", "action_flag": 2, "content_type": 15}, "model": "admin.logentry"}, {"pk": 46, "fields": {"change_message": "Changed image.", "user": 1, "object_repr": "1. Place your hands under your chest and make a diamond shape", "action_time": "2015-09-26T19:27:20.809Z", "object_id": "2", "action_flag": 2, "content_type": 15}, "model": "admin.logentry"}, {"pk": 47, "fields": {"change_message": "", "user": 1, "object_repr": "how to do a diamond push up", "action_time": "2015-09-28T18:16:14.539Z", "object_id": "1", "action_flag": 1, "content_type": 32}, "model": "admin.logentry"}, {"pk": 48, "fields": {"change_message": "", "user": 1, "object_repr": "level ", "action_time": "2015-09-28T18:16:58.747Z", "object_id": "3", "action_flag": 1, "content_type": 15}, "model": "admin.logentry"}, {"pk": 49, "fields": {"change_message": "Changed how_to, step and position_step.", "user": 1, "object_repr": "ExerciseSet object", "action_time": "2015-09-28T18:17:26.663Z", "object_id": "1", "action_flag": 2, "content_type": 31}, "model": "admin.logentry"}, {"pk": 50, "fields": {"change_message": "", "user": 1, "object_repr": "ExerciseSet object", "action_time": "2015-09-28T18:17:40.438Z", "object_id": "2", "action_flag": 1, "content_type": 31}, "model": "admin.logentry"}, {"pk": 51, "fields": {"change_message": "Changed step.", "user": 1, "object_repr": "how to do a diamond push up. 1", "action_time": "2015-09-28T18:28:20.141Z", "object_id": "1", "action_flag": 2, "content_type": 31}, "model": "admin.logentry"}]