[{"model": "contenttypes.contenttype", "pk": 1, "fields": {"model": "logentry", "app_label": "admin"}}, {"model": "contenttypes.contenttype", "pk": 2, "fields": {"model": "permission", "app_label": "auth"}}, {"model": "contenttypes.contenttype", "pk": 3, "fields": {"model": "group", "app_label": "auth"}}, {"model": "contenttypes.contenttype", "pk": 4, "fields": {"model": "user", "app_label": "auth"}}, {"model": "contenttypes.contenttype", "pk": 5, "fields": {"model": "contenttype", "app_label": "contenttypes"}}, {"model": "contenttypes.contenttype", "pk": 6, "fields": {"model": "session", "app_label": "sessions"}}, {"model": "contenttypes.contenttype", "pk": 7, "fields": {"model": "mapping", "app_label": "exercises"}}, {"model": "contenttypes.contenttype", "pk": 8, "fields": {"model": "mappingarea", "app_label": "exercises"}}, {"model": "contenttypes.contenttype", "pk": 9, "fields": {"model": "musclegroup", "app_label": "exercises"}}, {"model": "contenttypes.contenttype", "pk": 10, "fields": {"model": "muscletype", "app_label": "exercises"}}, {"model": "contenttypes.contenttype", "pk": 11, "fields": {"model": "muscle", "app_label": "exercises"}}, {"model": "contenttypes.contenttype", "pk": 12, "fields": {"model": "category", "app_label": "exercises"}}, {"model": "contenttypes.contenttype", "pk": 13, "fields": {"model": "equipment", "app_label": "exercises"}}, {"model": "contenttypes.contenttype", "pk": 14, "fields": {"model": "exercise", "app_label": "exercises"}}, {"model": "contenttypes.contenttype", "pk": 15, "fields": {"model": "step", "app_label": "exercises"}}, {"model": "contenttypes.contenttype", "pk": 16, "fields": {"model": "image", "app_label": "exercises"}}, {"model": "contenttypes.contenttype", "pk": 17, "fields": {"model": "mappingareamuscles", "app_label": "exercises"}}, {"model": "contenttypes.contenttype", "pk": 18, "fields": {"model": "imageexercise", "app_label": "exercises"}}, {"model": "contenttypes.contenttype", "pk": 19, "fields": {"model": "imagemusclegroup", "app_label": "exercises"}}, {"model": "contenttypes.contenttype", "pk": 20, "fields": {"model": "imagemuscle", "app_label": "exercises"}}, {"model": "contenttypes.contenttype", "pk": 21, "fields": {"model": "imagecategory", "app_label": "exercises"}}, {"model": "contenttypes.contenttype", "pk": 22, "fields": {"model": "imagemuscletype", "app_label": "exercises"}}, {"model": "contenttypes.contenttype", "pk": 23, "fields": {"model": "imagestep", "app_label": "exercises"}}, {"model": "contenttypes.contenttype", "pk": 24, "fields": {"model": "imageequipment", "app_label": "exercises"}}, {"model": "contenttypes.contenttype", "pk": 25, "fields": {"model": "video", "app_label": "exercises"}}, {"model": "contenttypes.contenttype", "pk": 26, "fields": {"model": "videoexercise", "app_label": "exercises"}}, {"model": "contenttypes.contenttype", "pk": 27, "fields": {"model": "videocategory", "app_label": "exercises"}}, {"model": "contenttypes.contenttype", "pk": 28, "fields": {"model": "message", "app_label": "community"}}, {"model": "contenttypes.contenttype", "pk": 29, "fields": {"model": "informationmessage", "app_label": "community"}}, {"model": "contenttypes.contenttype", "pk": 30, "fields": {"model": "commonspagesattributes", "app_label": "exercises"}}, {"model": "contenttypes.contenttype", "pk": 31, "fields": {"model": "exerciseset", "app_label": "exercises"}}, {"model": "contenttypes.contenttype", "pk": 32, "fields": {"model": "howto", "app_label": "exercises"}}, {"model": "sessions.session", "pk": "9hl1dudh9djoildkr5osbte938q8i469", "fields": {"session_data": "NGMwYmIxNzM3NGI0OTI1Njk0NzQ0MGM3MmNkOTE0ZWE1NmRmN2E3OTp7Il9hdXRoX3VzZXJfaGFzaCI6ImY3MzkyOGI3NDA5OTg4OThhZWQ0MTlkOTY3OGQ0YzgxMzUzNzNmZjQiLCJfYXV0aF91c2VyX2lkIjoiMSIsIl9hdXRoX3VzZXJfYmFja2VuZCI6ImRqYW5nby5jb250cmliLmF1dGguYmFja2VuZHMuTW9kZWxCYWNrZW5kIn0=", "expire_date": "2015-10-07T20:46:04.662Z"}}, {"model": "sessions.session", "pk": "jgy91cdyoa7ug997g8adrac5nfnzlrqf", "fields": {"session_data": "OTY5ZmNlMzgxZTliYzdiYzcwN2YzMjI4YTQ5NWNmNjRjNjYyYzEwMDp7Il9hdXRoX3VzZXJfaWQiOiIxIiwiX2F1dGhfdXNlcl9oYXNoIjoiZjczOTI4Yjc0MDk5ODg5OGFlZDQxOWQ5Njc4ZDRjODEzNTM3M2ZmNCIsIl9hdXRoX3VzZXJfYmFja2VuZCI6ImRqYW5nby5jb250cmliLmF1dGguYmFja2VuZHMuTW9kZWxCYWNrZW5kIn0=", "expire_date": "2015-11-09T14:18:03.052Z"}}, {"model": "sessions.session", "pk": "ppcasp0jf6onqapfxkrrcpjbi61xprhc", "fields": {"session_data": "MjJmNmI5YjhlMTY0YTU4NWMyZmIxY2E2Mjc2YTExNDgwNzM1Yjk0MTp7Il9hdXRoX3VzZXJfYmFja2VuZCI6ImRqYW5nby5jb250cmliLmF1dGguYmFja2VuZHMuTW9kZWxCYWNrZW5kIiwiX2F1dGhfdXNlcl9oYXNoIjoiZjczOTI4Yjc0MDk5ODg5OGFlZDQxOWQ5Njc4ZDRjODEzNTM3M2ZmNCIsIl9hdXRoX3VzZXJfaWQiOiIxIn0=", "expire_date": "2015-09-22T19:11:05.440Z"}}, {"model": "sessions.session", "pk": "rp9cb4qffaj6kzuhxexm62mv8byv2tfq", "fields": {"session_data": "MjJmNmI5YjhlMTY0YTU4NWMyZmIxY2E2Mjc2YTExNDgwNzM1Yjk0MTp7Il9hdXRoX3VzZXJfYmFja2VuZCI6ImRqYW5nby5jb250cmliLmF1dGguYmFja2VuZHMuTW9kZWxCYWNrZW5kIiwiX2F1dGhfdXNlcl9oYXNoIjoiZjczOTI4Yjc0MDk5ODg5OGFlZDQxOWQ5Njc4ZDRjODEzNTM3M2ZmNCIsIl9hdXRoX3VzZXJfaWQiOiIxIn0=", "expire_date": "2015-10-24T17:58:58.388Z"}}, {"model": "exercises.commonspagesattributes", "pk": 1, "fields": {"description": "Push up variation bla bla bla", "name": "Category push up", "keywords": "push-ups, variations, push, up"}}, {"model": "exercises.mapping", "pk": 1, "fields": {"image": "upload/exercises/mapping/muscle-anatomy-l_8k99s07.png", "alt": "Muscle mapping", "transparent_image": "upload/exercises/mapping/transparent.png", "width": 300, "name": "category_muscle_mapping", "height": 255}}, {"model": "exercises.mapping", "pk": 2, "fields": {"image": "upload/exercises/mapping/muscles-anatomy-main-xl.png", "alt": "muscles anatomy front and back", "transparent_image": "upload/exercises/mapping/muscle-anatomy-transparent-main-xl.png", "width": 600, "name": "main_muscle_mapping", "height": 510}}, {"model": "exercises.mappingarea", "pk": 1, "fields": {"second_image_hover": "upload/exercises/mapping/chest-hover.png", "name": "chest_mapping", "first_image_hover": "upload/exercises/mapping/chest.png", "points": "45,50,51,61,62,68,79,66,87,66,92,55,84,46,69,47,53,44", "mapping": 1}}, {"model": "exercises.mappingarea", "pk": 2, "fields": {"second_image_hover": "upload/exercises/mapping/main-chest-hover-xl.png", "name": "main-chest-mapping", "first_image_hover": "upload/exercises/mapping/muscle-anatomy-transparent-main-xl_E4rkvdn.png", "points": "91,97,106,90,123,86,142,88,154,88,166,91,181,100,183,114,179,132,164,142,141,139,118,140,105,135,97,118,95,108", "mapping": 2}}, {"model": "exercises.musclegroup", "pk": 1, "fields": {"description": "Lorem ipsum dolor sit amet, consectetur adipiscing elit, sed do eiusmod tempor incididunt ut labore et dolore magna aliqua. Ut enim ad minim veniam, quis nostrud exercitation ullamco laboris nisi ut aliquip ex ea commodo consequat. Duis aute irure dolor in reprehenderit in voluptate velit esse cillum dolore eu fugiat nulla pariatur. Excepteur sint occaecat cupidatat non proident, sunt in culpa qui officia deserunt mollit anim id est laborum.", "active": true, "slug": "pectorals", "name": "chest"}}, {"model": "exercises.musclegroup", "pk": 2, "fields": {"description": "Lorem ipsum dolor sit amet, consectetur adipiscing elit, sed do eiusmod tempor incididunt ut labore et dolore magna aliqua. Ut enim ad minim veniam, quis nostrud exercitation ullamco laboris nisi ut aliquip ex ea commodo consequat. Duis aute irure dolor in reprehenderit in voluptate velit esse cillum dolore eu fugiat nulla pariatur. Excepteur sint occaecat cupidatat non proident, sunt in culpa qui officia deserunt mollit anim id est laborum.", "active": true, "slug": "arms", "name": "arm"}}, {"model": "exercises.muscletype", "pk": 1, "fields": {"description": "Lorem ipsum dolor sit amet, consectetur adipiscing elit, sed do eiusmod tempor incididunt ut labore et dolore magna aliqua. Ut enim ad minim veniam, quis nostrud exercitation ullamco laboris nisi ut aliquip ex ea commodo consequat. Duis aute irure dolor in reprehenderit in voluptate velit esse cillum dolore eu fugiat nulla pariatur. Excepteur sint occaecat cupidatat non proident, sunt in culpa qui officia deserunt mollit anim id est laborum.", "active": true, "slug": "skeletal-striated-muscle", "name": "skeleton"}}, {"model": "exercises.muscle", "pk": 1, "fields": {"type_of_muscle": 1, "description": "Lorem ipsum dolor sit amet, consectetur adipiscing elit, sed do eiusmod tempor incididunt ut labore et dolore magna aliqua. Ut enim ad minim veniam, quis nostrud exercitation ullamco laboris nisi ut aliquip ex ea commodo consequat. Duis aute irure dolor in reprehenderit in voluptate velit esse cillum dolore eu fugiat nulla pariatur. Excepteur sint occaecat cupidatat non proident, sunt in culpa qui officia deserunt mollit anim id est laborum.", "active": true, "slug": "pectorals", "name": "Pectorals", "group": 1}}, {"model": "exercises.muscle", "pk": 2, "fields": {"type_of_muscle": 1, "description": "Lorem ipsum dolor sit amet, consectetur adipiscing elit, sed do eiusmod tempor incididunt ut labore et dolore magna aliqua. Ut enim ad minim veniam, quis nostrud exercitation ullamco laboris nisi ut aliquip ex ea commodo consequat. Duis aute irure dolor in reprehenderit in voluptate velit esse cillum dolore eu fugiat nulla pariatur. Excepteur sint occaecat cupidatat non proident, sunt in culpa qui officia deserunt mollit anim id est laborum.", "active": true, "slug": "biceps", "name": "biceps", "group": 2}}, {"model": "exercises.category", "pk": 1, "fields": {"related_category": [2], "common_page_attribute": 1, "description": "Lorem ipsum dolor sit amet, consectetur adipiscing elit, sed do eiusmod tempor incididunt ut labore et dolore magna aliqua. Ut enim ad minim veniam, quis nostrud exercitation ullamco laboris nisi ut aliquip ex ea commodo consequat. Duis aute irure dolor in reprehenderit in voluptate velit esse cillum dolore eu fugiat nulla pariatur. Excepteur sint occaecat cupidatat non proident, sunt in culpa qui officia deserunt mollit anim id est laborum.", "active": true, "slug": "push-ups", "name": "push-ups", "muscles": [1, 2]}}, {"model": "exercises.category", "pk": 2, "fields": {"related_category": [1, 3], "common_page_attribute": 1, "description": "Lorem ipsum dolor sit amet, consectetur adipiscing elit, sed do eiusmod tempor incididunt ut labore et dolore magna aliqua. Ut enim ad minim veniam, quis nostrud exercitation ullamco laboris nisi ut aliquip ex ea commodo consequat. Duis aute irure dolor in reprehenderit in voluptate velit esse cillum dolore eu fugiat nulla pariatur. Excepteur sint occaecat cupidatat non proident, sunt in culpa qui officia deserunt mollit anim id est laborum.", "active": true, "slug": "dips", "name": "dips", "muscles": [1]}}, {"model": "exercises.category", "pk": 3, "fields": {"related_category": [2], "common_page_attribute": 1, "description": "Lorem ipsum dolor sit amet, consectetur adipiscing elit, sed do eiusmod tempor incididunt ut labore et dolore magna aliqua. Ut enim ad minim veniam, quis nostrud exercitation ullamco laboris nisi ut aliquip ex ea commodo consequat. Duis aute irure dolor in reprehenderit in voluptate velit esse cillum dolore eu fugiat nulla pariatur. Excepteur sint occaecat cupidatat non proident, sunt in culpa qui officia deserunt mollit anim id est laborum.", "active": true, "slug": "triceps", "name": "triceps", "muscles": [1]}}, {"model": "exercises.exercise", "pk": 1, "fields": {"link_title": "See This Exercise", "related_exercises": [4], "level": "medium", "description": "Lorem ipsum dolor sit amet, consectetur adipiscing elit, sed do eiusmod tempor incididunt ut labore et dolore magna aliqua. Ut enim ad minim veniam, quis nostrud exercitation ullamco laboris nisi ut aliquip ex ea commodo consequat. Duis aute irure dolor in reprehenderit in voluptate velit esse cillum dolore eu fugiat nulla pariatur. Excepteur sint occaecat cupidatat non proident, sunt in culpa qui officia deserunt mollit anim id est laborum.", "category": 1, "slug": "test", "name": "Hindu push-up", "equipments": [], "active": true, "muscles": [1]}}, {"model": "exercises.exercise", "pk": 2, "fields": {"link_title": "See This Exercise", "related_exercises": [3], "level": "hard", "description": "Lorem ipsum dolor sit amet, consectetur adipiscing elit, sed do eiusmod tempor incididunt ut labore et dolore magna aliqua. Ut enim ad minim veniam, quis nostrud exercitation ullamco laboris nisi ut aliquip ex ea commodo consequat. Duis aute irure dolor in reprehenderit in voluptate velit esse cillum dolore eu fugiat nulla pariatur. Excepteur sint occaecat cupidatat non proident, sunt in culpa qui officia deserunt mollit anim id est laborum.", "category": 1, "slug": "spiderman-push-up", "name": "spiderman push up", "equipments": [], "active": true, "muscles": [1]}}, {"model": "exercises.exercise", "pk": 3, "fields": {"link_title": "See This Exercise", "related_exercises": [2, 4, 5], "level": "easy", "description": "Lorem ipsum dolor sit amet, consectetur adipiscing elit, sed do eiusmod tempor incididunt ut labore et dolore magna aliqua. Ut enim ad minim veniam, quis nostrud exercitation ullamco laboris nisi ut aliquip ex ea commodo consequat. Duis aute irure dolor in reprehenderit in voluptate velit esse cillum dolore eu fugiat nulla pariatur. Excepteur sint occaecat cupidatat non proident, sunt in culpa qui officia deserunt mollit anim id est laborum.", "category": 1, "slug": "classical-push-up", "name": "classical push-up", "equipments": [], "active": true, "muscles": [1]}}, {"model": "exercises.exercise", "pk": 4, "fields": {"link_title": "See This Exercise", "related_exercises": [1, 3], "level": "hard", "description": "Lorem ipsum dolor sit amet, consectetur adipiscing elit, sed do eiusmod tempor incididunt ut labore et dolore magna aliqua. Ut enim ad minim veniam, quis nostrud exercitation ullamco laboris nisi ut aliquip ex ea commodo consequat. Duis aute irure dolor in reprehenderit in voluptate velit esse cillum dolore eu fugiat nulla pariatur. Excepteur sint occaecat cupidatat non proident, sunt in culpa qui officia deserunt mollit anim id est laborum.", "category": 1, "slug": "diamond-push-up", "name": "diamond push-up", "equipments": [], "active": true, "muscles": [1, 2]}}, {"model": "exercises.exercise", "pk": 5, "fields": {"link_title": "See This Exercise", "related_exercises": [3], "level": "hard", "description": "Lorem ipsum dolor sit amet, consectetur adipiscing elit, sed do eiusmod tempor incididunt ut labore et dolore magna aliqua. Ut enim ad minim veniam, quis nostrud exercitation ullamco laboris nisi ut aliquip ex ea commodo consequat. Duis aute irure dolor in reprehenderit in voluptate velit esse cillum dolore eu fugiat nulla pariatur. Excepteur sint occaecat cupidatat non proident, sunt in culpa qui officia deserunt mollit anim id est laborum.", "category": 1, "slug": "spartan-push-up", "name": "spartan push-up", "equipments": [], "active": false, "muscles": [1]}}, {"model": "exercises.exercise", "pk": 6, "fields": {"link_title": "See This Exercise", "related_exercises": [], "level": "medium", "description": "Lorem ipsum dolor sit amet, consectetur adipiscing elit, sed do eiusmod tempor incididunt ut labore et dolore magna aliqua. Ut enim ad minim veniam, quis nostrud exercitation ullamco laboris nisi ut aliquip ex ea commodo consequat. Duis aute irure dolor in reprehenderit in voluptate velit esse cillum dolore eu fugiat nulla pariatur. Excepteur sint occaecat cupidatat non proident, sunt in culpa qui officia deserunt mollit anim id est laborum.", "category": 1, "slug": "archer-push-up", "name": "archer push up", "equipments": [], "active": true, "muscles": [1]}}, {"model": "exercises.step", "pk": 1, "fields": {"description": "Keep your back straight and tense your abs and chest. Make sure to keep your fingers in the correct diamond position. Repeat.", "image": "upload/exercises/670px-Do-a-Diamond-Pushup-Step-4-Version-2.jpg", "name": "Lower yourself to the ground, then push up."}}, {"model": "exercises.step", "pk": 2, "fields": {"description": "Touch your forefingers together and your thumbs together. This forms your diamond, also known as a pyramid.", "image": "upload/exercises/670px-Do-a-Diamond-Pushup-Step-3-Version-2.jpg", "name": "Place your hands under your chest and make a diamond shape"}}, {"model": "exercises.step", "pk": 3, "fields": {"description": "Lorem ipsum dolor sit amet, consectetur adipiscing elit, sed do eiusmod tempor incididunt ut labore et dolore magna aliqua. Ut enim ad minim veniam, quis nostrud exercitation ullamco laboris nisi ut aliquip ex ea commodo consequat. Duis aute irure dolor in reprehenderit in voluptate velit esse cillum dolore eu fugiat nulla pariatur. Excepteur sint occaecat cupidatat non proident, sunt in culpa qui officia deserunt mollit anim id est laborum.", "image": "", "name": "level "}}, {"model": "exercises.step", "pk": 4, "fields": {"description": "tettttttttttttttttttttttttttttttttttttttttttttttttttttttttttttttttttttttttt", "image": "upload/exercises/P5310081.JPG", "name": "tesftgete"}}, {"model": "exercises.howto", "pk": 1, "fields": {"description": "Lorem ipsum dolor sit amet, consectetur adipiscing elit, sed do eiusmod tempor incididunt ut labore et dolore magna aliqua. Ut enim ad minim veniam, quis nostrud exercitation ullamco laboris nisi ut aliquip ex ea commodo consequat. Duis aute irure dolor in reprehenderit in voluptate velit esse cillum dolore eu fugiat nulla pariatur. Excepteur sint occaecat cupidatat non proident, sunt in culpa qui officia deserunt mollit anim id est laborum.", "active": true, "main": true, "name": "how to do a diamond push up", "exercise": 4}}, {"model": "exercises.exerciseset", "pk": 1, "fields": {"how_to": 1, "step": 2, "position_step": 1}}, {"model": "exercises.exerciseset", "pk": 2, "fields": {"how_to": 1, "step": 1, "position_step": 2}}, {"model": "exercises.exerciseset", "pk": 3, "fields": {"how_to": 1, "step": 4, "position_step": 4}}, {"model": "exercises.exerciseset", "pk": 4, "fields": {"how_to": 1, "step": 1, "position_step": 3}}, {"model": "exercises.exerciseset", "pk": 5, "fields": {"how_to": 1, "step": 1, "position_step": 5}}, {"model": "exercises.exerciseset", "pk": 6, "fields": {"how_to": 1, "step": 1, "position_step": 6}}, {"model": "exercises.image", "pk": 1, "fields": {"image": "upload/exercises/Decline_Pushup1.png", "alt": "decline push up", "description": "Lorem ipsum dolor sit amet, consectetur adipiscing elit, sed do eiusmod tempor incididunt ut labore et dolore magna aliqua. Ut enim ad minim veniam, quis nostrud exercitation ullamco laboris nisi ut aliquip ex ea commodo consequat. Duis aute irure dolor in reprehenderit in voluptate velit esse cillum dolore eu fugiat nulla pariatur. Excepteur sint occaecat cupidatat non proident, sunt in culpa qui officia deserunt mollit anim id est laborum.", "active": true, "main": false, "name": "Decline Push ups image test"}}, {"model": "exercises.image", "pk": 2, "fields": {"image": "upload/exercises/Pushup.png", "alt": "classical push up", "description": "Lorem ipsum dolor sit amet, consectetur adipiscing elit, sed do eiusmod tempor incididunt ut labore et dolore magna aliqua. Ut enim ad minim veniam, quis nostrud exercitation ullamco laboris nisi ut aliquip ex ea commodo consequat. Duis aute irure dolor in reprehenderit in voluptate velit esse cillum dolore eu fugiat nulla pariatur. Excepteur sint occaecat cupidatat non proident, sunt in culpa qui officia deserunt mollit anim id est laborum.", "active": true, "main": false, "name": "classical push up"}}, {"model": "exercises.image", "pk": 3, "fields": {"image": "upload/exercises/classic_483x350_1.jpg", "alt": "classical push up", "description": "Lorem ipsum dolor sit amet, consectetur adipiscing elit, sed do eiusmod tempor incididunt ut labore et dolore magna aliqua. Ut enim ad minim veniam, quis nostrud exercitation ullamco laboris nisi ut aliquip ex ea commodo consequat. Duis aute irure dolor in reprehenderit in voluptate velit esse cillum dolore eu fugiat nulla pariatur. Excepteur sint occaecat cupidatat non proident, sunt in culpa qui officia deserunt mollit anim id est laborum.", "active": true, "main": true, "name": "main image"}}, {"model": "exercises.image", "pk": 4, "fields": {"image": "upload/exercises/Dips.png", "alt": "Classical dips", "description": "Lorem ipsum dolor sit amet, consectetur adipiscing elit, sed do eiusmod tempor incididunt ut labore et dolore magna aliqua. Ut enim ad minim veniam, quis nostrud exercitation ullamco laboris nisi ut aliquip ex ea commodo consequat. Duis aute irure dolor in reprehenderit in voluptate velit esse cillum dolore eu fugiat nulla pariatur. Excepteur sint occaecat cupidatat non proident, sunt in culpa qui officia deserunt mollit anim id est laborum.", "active": true, "main": true, "name": "main dips image"}}, {"model": "exercises.image", "pk": 5, "fields": {"image": "upload/exercises/hqdefault.jpg", "alt": "test tes ", "description": "Lorem ipsum dolor sit amet, consectetur adipiscing elit, sed do eiusmod tempor incididunt ut labore et dolore magna aliqua. Ut enim ad minim veniam, quis nostrud exercitation ullamco laboris nisi ut aliquip ex ea commodo consequat. Duis aute irure dolor in reprehenderit in voluptate velit esse cillum dolore eu fugiat nulla pariatur. Excepteur sint occaecat cupidatat non proident, sunt in culpa qui officia deserunt mollit anim id est laborum.", "active": true, "main": true, "name": "test image"}}, {"model": "exercises.image", "pk": 6, "fields": {"image": "upload/exercises/Spiderman-Push-up.jpg", "alt": "spiderman push up", "description": "Lorem ipsum dolor sit amet, consectetur adipiscing elit, sed do eiusmod tempor incididunt ut labore et dolore magna aliqua. Ut enim ad minim veniam, quis nostrud exercitation ullamco laboris nisi ut aliquip ex ea commodo consequat. Duis aute irure dolor in reprehenderit in voluptate velit esse cillum dolore eu fugiat nulla pariatur. Excepteur sint occaecat cupidatat non proident, sunt in culpa qui officia deserunt mollit anim id est laborum.", "active": true, "main": true, "name": "test"}}, {"model": "exercises.image", "pk": 7, "fields": {"image": "upload/exercises/MensPushUps-e1385329540188.jpg", "alt": "classical push up", "description": "Lorem ipsum dolor sit amet, consectetur adipiscing elit, sed do eiusmod tempor incididunt ut labore et dolore magna aliqua. Ut enim ad minim veniam, quis nostrud exercitation ullamco laboris nisi ut aliquip ex ea commodo consequat. Duis aute irure dolor in reprehenderit in voluptate velit esse cillum dolore eu fugiat nulla pariatur. Excepteur sint occaecat cupidatat non proident, sunt in culpa qui officia deserunt mollit anim id est laborum.", "active": true, "main": true, "name": "classical push up"}}, {"model": "exercises.image", "pk": 8, "fields": {"image": "upload/exercises/diamondbent_483x300.jpg", "alt": "diamon push up", "description": "Lorem ipsum dolor sit amet, consectetur adipiscing elit, sed do eiusmod tempor incididunt ut labore et dolore magna aliqua. Ut enim ad minim veniam, quis nostrud exercitation ullamco laboris nisi ut aliquip ex ea commodo consequat. Duis aute irure dolor in reprehenderit in voluptate velit esse cillum dolore eu fugiat nulla pariatur. Excepteur sint occaecat cupidatat non proident, sunt in culpa qui officia deserunt mollit anim id est laborum.", "active": true, "main": true, "name": "diamond push up"}}, {"model": "exercises.image", "pk": 9, "fields": {"image": "upload/exercises/Archer-Push-Up-Floor-Version.jpg", "alt": "archer push up", "description": "Lorem ipsum dolor sit amet, consectetur adipiscing elit, sed do eiusmod tempor incididunt ut labore et dolore magna aliqua. Ut enim ad minim veniam, quis nostrud exercitation ullamco laboris nisi ut aliquip ex ea commodo consequat. Duis aute irure dolor in reprehenderit in voluptate velit esse cillum dolore eu fugiat nulla pariatur. Excepteur sint occaecat cupidatat non proident, sunt in culpa qui officia deserunt mollit anim id est laborum.", "active": true, "main": true, "name": "archer-push-up"}}, {"model": "exercises.mappingareamuscles", "pk": 1, "fields": {"binding": 1}}, {"model": "exercises.mappingareamuscles", "pk": 2, "fields": {"binding": 1}}, {"model": "exercises.imageexercise", "pk": 5, "fields": {"binding": 1}}, {"model": "exercises.imageexercise", "pk": 6, "fields": {"binding": 2}}, {"model": "exercises.imageexercise", "pk": 7, "fields": {"binding": 3}}, {"model": "exercises.imageexercise", "pk": 8, "fields": {"binding": 4}}, {"model": "exercises.imageexercise", "pk": 9, "fields": {"binding": 6}}, {"model": "exercises.imagecategory", "pk": 1, "fields": {"binding": 1}}, {"model": "exercises.imagecategory", "pk": 2, "fields": {"binding": 1}}, {"model": "exercises.imagecategory", "pk": 3, "fields": {"binding": 1}}, {"model": "exercises.imagecategory", "pk": 4, "fields": {"binding": 2}}, {"model": "exercises.video", "pk": 1, "fields": {"embedded_url": "https://www.youtube.com/embed/tccdbY5xcf4", "active": true, "name": "test video", "thumbnail_url": "http://img.youtube.com/vi/tccdbY5xcf4/0.jpg", "duration": "5:59", "alt": "test video", "player_height": 316, "description": "test video", "player_width": 560, "main": true, "origin_url": "https://www.youtube.com/watch?v=tccdbY5xcf4", "youtube_id": "tccdbY5xcf4"}}, {"model": "exercises.video", "pk": 2, "fields": {"embedded_url": "https://www.youtube.com/embed/Nj1NvN7Te_s", "active": true, "name": "test2", "thumbnail_url": "http://img.youtube.com/vi/Nj1NvN7Te_s/0.jpg", "duration": "2:14", "alt": "dededed", "player_height": 315, "description": "deded", "player_width": 560, "main": false, "origin_url": "https://www.youtube.com/watch?v=Nj1NvN7Te_s", "youtube_id": "Nj1NvN7Te_s"}}, {"model": "exercises.video", "pk": 3, "fields": {"embedded_url": "https://www.youtube.com/embed/J0DnG1_S92I", "active": true, "name": "diamond-push-up", "thumbnail_url": "http://img.youtube.com/vi/J0DnG1_S92I/0.jpg", "duration": "1:49", "alt": "A diamond-push-up demontrate", "player_height": 315, "description": "Lorem ipsum dolor sit amet, consectetur adipiscing elit, sed do eiusmod tempor incididunt ut labore et dolore magna aliqua. Ut enim ad minim veniam, quis nostrud exercitation ullamco laboris nisi ut aliquip ex ea commodo consequat. Duis aute irure dolor in reprehenderit in voluptate velit esse cillum dolore eu fugiat nulla pariatur. Excepteur sint occaecat cupidatat non proident, sunt in culpa qui officia deserunt mollit anim id est laborum.", "player_width": 560, "main": false, "origin_url": "https://www.youtube.com/watch?v=J0DnG1_S92I", "youtube_id": "J0DnG1_S92I"}}, {"model": "exercises.videoexercise", "pk": 3, "fields": {"binding": 4}}, {"model": "exercises.videocategory", "pk": 1, "fields": {"binding": 1}}, {"model": "exercises.videocategory", "pk": 2, "fields": {"binding": 1}}, {"model": "auth.permission", "pk": 1, "fields": {"content_type": 1, "name": "Can add log entry", "codename": "add_logentry"}}, {"model": "auth.permission", "pk": 2, "fields": {"content_type": 1, "name": "Can change log entry", "codename": "change_logentry"}}, {"model": "auth.permission", "pk": 3, "fields": {"content_type": 1, "name": "Can delete log entry", "codename": "delete_logentry"}}, {"model": "auth.permission", "pk": 4, "fields": {"content_type": 2, "name": "Can add permission", "codename": "add_permission"}}, {"model": "auth.permission", "pk": 5, "fields": {"content_type": 2, "name": "Can change permission", "codename": "change_permission"}}, {"model": "auth.permission", "pk": 6, "fields": {"content_type": 2, "name": "Can delete permission", "codename": "delete_permission"}}, {"model": "auth.permission", "pk": 7, "fields": {"content_type": 3, "name": "Can add group", "codename": "add_group"}}, {"model": "auth.permission", "pk": 8, "fields": {"content_type": 3, "name": "Can change group", "codename": "change_group"}}, {"model": "auth.permission", "pk": 9, "fields": {"content_type": 3, "name": "Can delete group", "codename": "delete_group"}}, {"model": "auth.permission", "pk": 10, "fields": {"content_type": 4, "name": "Can add user", "codename": "add_user"}}, {"model": "auth.permission", "pk": 11, "fields": {"content_type": 4, "name": "Can change user", "codename": "change_user"}}, {"model": "auth.permission", "pk": 12, "fields": {"content_type": 4, "name": "Can delete user", "codename": "delete_user"}}, {"model": "auth.permission", "pk": 13, "fields": {"content_type": 5, "name": "Can add content type", "codename": "add_contenttype"}}, {"model": "auth.permission", "pk": 14, "fields": {"content_type": 5, "name": "Can change content type", "codename": "change_contenttype"}}, {"model": "auth.permission", "pk": 15, "fields": {"content_type": 5, "name": "Can delete content type", "codename": "delete_contenttype"}}, {"model": "auth.permission", "pk": 16, "fields": {"content_type": 6, "name": "Can add session", "codename": "add_session"}}, {"model": "auth.permission", "pk": 17, "fields": {"content_type": 6, "name": "Can change session", "codename": "change_session"}}, {"model": "auth.permission", "pk": 18, "fields": {"content_type": 6, "name": "Can delete session", "codename": "delete_session"}}, {"model": "auth.permission", "pk": 19, "fields": {"content_type": 7, "name": "Can add mapping", "codename": "add_mapping"}}, {"model": "auth.permission", "pk": 20, "fields": {"content_type": 7, "name": "Can change mapping", "codename": "change_mapping"}}, {"model": "auth.permission", "pk": 21, "fields": {"content_type": 7, "name": "Can delete mapping", "codename": "delete_mapping"}}, {"model": "auth.permission", "pk": 22, "fields": {"content_type": 8, "name": "Can add mapping area", "codename": "add_mappingarea"}}, {"model": "auth.permission", "pk": 23, "fields": {"content_type": 8, "name": "Can change mapping area", "codename": "change_mappingarea"}}, {"model": "auth.permission", "pk": 24, "fields": {"content_type": 8, "name": "Can delete mapping area", "codename": "delete_mappingarea"}}, {"model": "auth.permission", "pk": 25, "fields": {"content_type": 9, "name": "Can add muscle group", "codename": "add_musclegroup"}}, {"model": "auth.permission", "pk": 26, "fields": {"content_type": 9, "name": "Can change muscle group", "codename": "change_musclegroup"}}, {"model": "auth.permission", "pk": 27, "fields": {"content_type": 9, "name": "Can delete muscle group", "codename": "delete_musclegroup"}}, {"model": "auth.permission", "pk": 28, "fields": {"content_type": 10, "name": "Can add muscle type", "codename": "add_muscletype"}}, {"model": "auth.permission", "pk": 29, "fields": {"content_type": 10, "name": "Can change muscle type", "codename": "change_muscletype"}}, {"model": "auth.permission", "pk": 30, "fields": {"content_type": 10, "name": "Can delete muscle type", "codename": "delete_muscletype"}}, {"model": "auth.permission", "pk": 31, "fields": {"content_type": 11, "name": "Can add muscle", "codename": "add_muscle"}}, {"model": "auth.permission", "pk": 32, "fields": {"content_type": 11, "name": "Can change muscle", "codename": "change_muscle"}}, {"model": "auth.permission", "pk": 33, "fields": {"content_type": 11, "name": "Can delete muscle", "codename": "delete_muscle"}}, {"model": "auth.permission", "pk": 34, "fields": {"content_type": 12, "name": "Can add category", "codename": "add_category"}}, {"model": "auth.permission", "pk": 35, "fields": {"content_type": 12, "name": "Can change category", "codename": "change_category"}}, {"model": "auth.permission", "pk": 36, "fields": {"content_type": 12, "name": "Can delete category", "codename": "delete_category"}}, {"model": "auth.permission", "pk": 37, "fields": {"content_type": 13, "name": "Can add equipment", "codename": "add_equipment"}}, {"model": "auth.permission", "pk": 38, "fields": {"content_type": 13, "name": "Can change equipment", "codename": "change_equipment"}}, {"model": "auth.permission", "pk": 39, "fields": {"content_type": 13, "name": "Can delete equipment", "codename": "delete_equipment"}}, {"model": "auth.permission", "pk": 40, "fields": {"content_type": 14, "name": "Can add exercise", "codename": "add_exercise"}}, {"model": "auth.permission", "pk": 41, "fields": {"content_type": 14, "name": "Can change exercise", "codename": "change_exercise"}}, {"model": "auth.permission", "pk": 42, "fields": {"content_type": 14, "name": "Can delete exercise", "codename": "delete_exercise"}}, {"model": "auth.permission", "pk": 43, "fields": {"content_type": 15, "name": "Can add step", "codename": "add_step"}}, {"model": "auth.permission", "pk": 44, "fields": {"content_type": 15, "name": "Can change step", "codename": "change_step"}}, {"model": "auth.permission", "pk": 45, "fields": {"content_type": 15, "name": "Can delete step", "codename": "delete_step"}}, {"model": "auth.permission", "pk": 46, "fields": {"content_type": 16, "name": "Can add image", "codename": "add_image"}}, {"model": "auth.permission", "pk": 47, "fields": {"content_type": 16, "name": "Can change image", "codename": "change_image"}}, {"model": "auth.permission", "pk": 48, "fields": {"content_type": 16, "name": "Can delete image", "codename": "delete_image"}}, {"model": "auth.permission", "pk": 49, "fields": {"content_type": 17, "name": "Can add mapping area muscles", "codename": "add_mappingareamuscles"}}, {"model": "auth.permission", "pk": 50, "fields": {"content_type": 17, "name": "Can change mapping area muscles", "codename": "change_mappingareamuscles"}}, {"model": "auth.permission", "pk": 51, "fields": {"content_type": 17, "name": "Can delete mapping area muscles", "codename": "delete_mappingareamuscles"}}, {"model": "auth.permission", "pk": 52, "fields": {"content_type": 18, "name": "Can add image exercise", "codename": "add_imageexercise"}}, {"model": "auth.permission", "pk": 53, "fields": {"content_type": 18, "name": "Can change image exercise", "codename": "change_imageexercise"}}, {"model": "auth.permission", "pk": 54, "fields": {"content_type": 18, "name": "Can delete image exercise", "codename": "delete_imageexercise"}}, {"model": "auth.permission", "pk": 55, "fields": {"content_type": 19, "name": "Can add image muscle group", "codename": "add_imagemusclegroup"}}, {"model": "auth.permission", "pk": 56, "fields": {"content_type": 19, "name": "Can change image muscle group", "codename": "change_imagemusclegroup"}}, {"model": "auth.permission", "pk": 57, "fields": {"content_type": 19, "name": "Can delete image muscle group", "codename": "delete_imagemusclegroup"}}, {"model": "auth.permission", "pk": 58, "fields": {"content_type": 20, "name": "Can add image muscle", "codename": "add_imagemuscle"}}, {"model": "auth.permission", "pk": 59, "fields": {"content_type": 20, "name": "Can change image muscle", "codename": "change_imagemuscle"}}, {"model": "auth.permission", "pk": 60, "fields": {"content_type": 20, "name": "Can delete image muscle", "codename": "delete_imagemuscle"}}, {"model": "auth.permission", "pk": 61, "fields": {"content_type": 21, "name": "Can add image category", "codename": "add_imagecategory"}}, {"model": "auth.permission", "pk": 62, "fields": {"content_type": 21, "name": "Can change image category", "codename": "change_imagecategory"}}, {"model": "auth.permission", "pk": 63, "fields": {"content_type": 21, "name": "Can delete image category", "codename": "delete_imagecategory"}}, {"model": "auth.permission", "pk": 64, "fields": {"content_type": 22, "name": "Can add image muscle type", "codename": "add_imagemuscletype"}}, {"model": "auth.permission", "pk": 65, "fields": {"content_type": 22, "name": "Can change image muscle type", "codename": "change_imagemuscletype"}}, {"model": "auth.permission", "pk": 66, "fields": {"content_type": 22, "name": "Can delete image muscle type", "codename": "delete_imagemuscletype"}}, {"model": "auth.permission", "pk": 67, "fields": {"content_type": 23, "name": "Can add image step", "codename": "add_imagestep"}}, {"model": "auth.permission", "pk": 68, "fields": {"content_type": 23, "name": "Can change image step", "codename": "change_imagestep"}}, {"model": "auth.permission", "pk": 69, "fields": {"content_type": 23, "name": "Can delete image step", "codename": "delete_imagestep"}}, {"model": "auth.permission", "pk": 70, "fields": {"content_type": 24, "name": "Can add image equipment", "codename": "add_imageequipment"}}, {"model": "auth.permission", "pk": 71, "fields": {"content_type": 24, "name": "Can change image equipment", "codename": "change_imageequipment"}}, {"model": "auth.permission", "pk": 72, "fields": {"content_type": 24, "name": "Can delete image equipment", "codename": "delete_imageequipment"}}, {"model": "auth.permission", "pk": 73, "fields": {"content_type": 25, "name": "Can add video", "codename": "add_video"}}, {"model": "auth.permission", "pk": 74, "fields": {"content_type": 25, "name": "Can change video", "codename": "change_video"}}, {"model": "auth.permission", "pk": 75, "fields": {"content_type": 25, "name": "Can delete video", "codename": "delete_video"}}, {"model": "auth.permission", "pk": 76, "fields": {"content_type": 26, "name": "Can add video exercise", "codename": "add_videoexercise"}}, {"model": "auth.permission", "pk": 77, "fields": {"content_type": 26, "name": "Can change video exercise", "codename": "change_videoexercise"}}, {"model": "auth.permission", "pk": 78, "fields": {"content_type": 26, "name": "Can delete video exercise", "codename": "delete_videoexercise"}}, {"model": "auth.permission", "pk": 79, "fields": {"content_type": 27, "name": "Can add video category", "codename": "add_videocategory"}}, {"model": "auth.permission", "pk": 80, "fields": {"content_type": 27, "name": "Can change video category", "codename": "change_videocategory"}}, {"model": "auth.permission", "pk": 81, "fields": {"content_type": 27, "name": "Can delete video category", "codename": "delete_videocategory"}}, {"model": "auth.permission", "pk": 82, "fields": {"content_type": 28, "name": "Can add message", "codename": "add_message"}}, {"model": "auth.permission", "pk": 83, "fields": {"content_type": 28, "name": "Can change message", "codename": "change_message"}}, {"model": "auth.permission", "pk": 84, "fields": {"content_type": 28, "name": "Can delete message", "codename": "delete_message"}}, {"model": "auth.permission", "pk": 85, "fields": {"content_type": 29, "name": "Can add information message", "codename": "add_informationmessage"}}, {"model": "auth.permission", "pk": 86, "fields": {"content_type": 29, "name": "Can change information message", "codename": "change_informationmessage"}}, {"model": "auth.permission", "pk": 87, "fields": {"content_type": 29, "name": "Can delete information message", "codename": "delete_informationmessage"}}, {"model": "auth.permission", "pk": 88, "fields": {"content_type": 30, "name": "Can add commons pages attributes", "codename": "add_commonspagesattributes"}}, {"model": "auth.permission", "pk": 89, "fields": {"content_type": 30, "name": "Can change commons pages attributes", "codename": "change_commonspagesattributes"}}, {"model": "auth.permission", "pk": 90, "fields": {"content_type": 30, "name": "Can delete commons pages attributes", "codename": "delete_commonspagesattributes"}}, {"model": "auth.permission", "pk": 91, "fields": {"content_type": 31, "name": "Can add exercise set", "codename": "add_exerciseset"}}, {"model": "auth.permission", "pk": 92, "fields": {"content_type": 31, "name": "Can change exercise set", "codename": "change_exerciseset"}}, {"model": "auth.permission", "pk": 93, "fields": {"content_type": 31, "name": "Can delete exercise set", "codename": "delete_exerciseset"}}, {"model": "auth.permission", "pk": 94, "fields": {"content_type": 32, "name": "Can add how to", "codename": "add_howto"}}, {"model": "auth.permission", "pk": 95, "fields": {"content_type": 32, "name": "Can change how to", "codename": "change_howto"}}, {"model": "auth.permission", "pk": 96, "fields": {"content_type": 32, "name": "Can delete how to", "codename": "delete_howto"}}, {"model": "auth.user", "pk": 1, "fields": {"first_name": "", "password": "pbkdf2_sha256$20000$okZL1Y1QW1Ho$Pd97iLucVNkACChw1ixYpnwDVipfVQnP1UXPQHE4dIk=", "groups": [], "is_active": true, "last_login": "2015-10-26T14:18:02.965Z", "is_staff": true, "is_superuser": true, "last_name": "", "username": "herve", "user_permissions": [], "email": "rvbp13@gmail.com", "date_joined": "2015-09-08T18:43:32.729Z"}}, {"model": "community.message", "pk": 1, "fields": {"publish_date": "2015-09-09T17:43:50.923Z", "expiration_date": "2015-09-10T17:43:36Z", "author": 1, "text": "test", "display_date": "2015-09-09T17:43:29Z", "title": "test"}}, {"model": "community.informationmessage", "pk": 1, "fields": {"active": true, "display_once": true, "type": "info"}}, {"model": "admin.logentry", "pk": 1, "fields": {"object_repr": "push-ups", "content_type": 12, "action_time": "2015-09-08T19:18:59.668Z", "action_flag": 2, "user": 1, "change_message": "Added video category \"test video\".", "object_id": "1"}}, {"model": "admin.logentry", "pk": 2, "fields": {"object_repr": "push-ups", "content_type": 12, "action_time": "2015-09-08T19:22:27.382Z", "action_flag": 2, "user": 1, "change_message": "Changed url for video category \"test video\".", "object_id": "1"}}, {"model": "admin.logentry", "pk": 3, "fields": {"object_repr": "InformationMessage object", "content_type": 29, "action_time": "2015-09-09T17:43:50.941Z", "action_flag": 1, "user": 1, "change_message": "", "object_id": "1"}}, {"model": "admin.logentry", "pk": 4, "fields": {"object_repr": "push-ups", "content_type": 12, "action_time": "2015-09-09T17:54:55.318Z", "action_flag": 2, "user": 1, "change_message": "Changed player_width and player_height for video category \"test video\".", "object_id": "1"}}, {"model": "admin.logentry", "pk": 5, "fields": {"object_repr": "push-ups", "content_type": 12, "action_time": "2015-09-10T19:26:22.519Z", "action_flag": 2, "user": 1, "change_message": "Added video category \"test2\". Changed duration for video category \"test video\".", "object_id": "1"}}, {"model": "admin.logentry", "pk": 6, "fields": {"object_repr": "push-ups", "content_type": 12, "action_time": "2015-09-11T06:40:35.107Z", "action_flag": 2, "user": 1, "change_message": "Changed player_width and player_height for video category \"test2\".", "object_id": "1"}}, {"model": "admin.logentry", "pk": 7, "fields": {"object_repr": "push-ups", "content_type": 12, "action_time": "2015-09-11T07:57:38.250Z", "action_flag": 2, "user": 1, "change_message": "Changed duration for video category \"test video\". Changed duration for video category \"test2\".", "object_id": "1"}}, {"model": "admin.logentry", "pk": 8, "fields": {"object_repr": "push-ups", "content_type": 12, "action_time": "2015-09-11T11:19:13.013Z", "action_flag": 2, "user": 1, "change_message": "Changed origin_url for video category \"test video\". Changed origin_url for video category \"test2\".", "object_id": "1"}}, {"model": "admin.logentry", "pk": 9, "fields": {"object_repr": "push-ups", "content_type": 12, "action_time": "2015-09-11T18:10:40.595Z", "action_flag": 2, "user": 1, "change_message": "Added image category \"Decline Push ups image test\". Added image category \"classical push up\".", "object_id": "1"}}, {"model": "admin.logentry", "pk": 10, "fields": {"object_repr": "CommonsPagesAttributes object", "content_type": 30, "action_time": "2015-09-11T18:35:52.768Z", "action_flag": 1, "user": 1, "change_message": "", "object_id": "1"}}, {"model": "admin.logentry", "pk": 11, "fields": {"object_repr": "Category push up", "content_type": 30, "action_time": "2015-09-11T18:37:35.711Z", "action_flag": 2, "user": 1, "change_message": "Changed name.", "object_id": "1"}}, {"model": "admin.logentry", "pk": 12, "fields": {"object_repr": "push-ups", "content_type": 12, "action_time": "2015-09-11T18:37:43.735Z", "action_flag": 2, "user": 1, "change_message": "No fields changed.", "object_id": "1"}}, {"model": "admin.logentry", "pk": 13, "fields": {"object_repr": "push-ups", "content_type": 12, "action_time": "2015-09-11T18:51:29.538Z", "action_flag": 2, "user": 1, "change_message": "Added image category \"main image\".", "object_id": "1"}}, {"model": "admin.logentry", "pk": 14, "fields": {"object_repr": "arm", "content_type": 9, "action_time": "2015-09-12T16:01:53.971Z", "action_flag": 1, "user": 1, "change_message": "", "object_id": "2"}}, {"model": "admin.logentry", "pk": 15, "fields": {"object_repr": "biceps", "content_type": 11, "action_time": "2015-09-12T16:02:14.317Z", "action_flag": 1, "user": 1, "change_message": "", "object_id": "2"}}, {"model": "admin.logentry", "pk": 16, "fields": {"object_repr": "push-ups", "content_type": 12, "action_time": "2015-09-12T16:02:30.649Z", "action_flag": 2, "user": 1, "change_message": "Changed muscles.", "object_id": "1"}}, {"model": "admin.logentry", "pk": 17, "fields": {"object_repr": "push-ups", "content_type": 12, "action_time": "2015-09-12T16:15:35.356Z", "action_flag": 2, "user": 1, "change_message": "Changed main for video category \"test video\".", "object_id": "1"}}, {"model": "admin.logentry", "pk": 18, "fields": {"object_repr": "test", "content_type": 14, "action_time": "2015-09-12T22:59:15.603Z", "action_flag": 1, "user": 1, "change_message": "", "object_id": "1"}}, {"model": "admin.logentry", "pk": 19, "fields": {"object_repr": "dips", "content_type": 12, "action_time": "2015-09-13T20:56:02.291Z", "action_flag": 1, "user": 1, "change_message": "", "object_id": "2"}}, {"model": "admin.logentry", "pk": 20, "fields": {"object_repr": "test", "content_type": 14, "action_time": "2015-09-13T21:52:30.728Z", "action_flag": 2, "user": 1, "change_message": "Added image exercise \"test image\".", "object_id": "1"}}, {"model": "admin.logentry", "pk": 21, "fields": {"object_repr": "triceps", "content_type": 12, "action_time": "2015-09-13T22:02:23.387Z", "action_flag": 1, "user": 1, "change_message": "", "object_id": "3"}}, {"model": "admin.logentry", "pk": 22, "fields": {"object_repr": "spiderman push up", "content_type": 14, "action_time": "2015-09-14T20:52:52.628Z", "action_flag": 1, "user": 1, "change_message": "", "object_id": "2"}}, {"model": "admin.logentry", "pk": 23, "fields": {"object_repr": "Hindu push-up", "content_type": 14, "action_time": "2015-09-14T20:55:35.961Z", "action_flag": 2, "user": 1, "change_message": "Changed name.", "object_id": "1"}}, {"model": "admin.logentry", "pk": 24, "fields": {"object_repr": "Hindu push-up", "content_type": 14, "action_time": "2015-09-14T20:57:18.819Z", "action_flag": 2, "user": 1, "change_message": "Changed level.", "object_id": "1"}}, {"model": "admin.logentry", "pk": 25, "fields": {"object_repr": "category_muscle_mapping", "content_type": 7, "action_time": "2015-09-16T17:58:52.676Z", "action_flag": 1, "user": 1, "change_message": "", "object_id": "1"}}, {"model": "admin.logentry", "pk": 26, "fields": {"object_repr": "Pectorals", "content_type": 11, "action_time": "2015-09-16T18:44:33.105Z", "action_flag": 2, "user": 1, "change_message": "Added mapping area muscles \"chest_mapping\".", "object_id": "1"}}, {"model": "admin.logentry", "pk": 27, "fields": {"object_repr": "category_muscle_mapping", "content_type": 7, "action_time": "2015-09-16T20:08:39.864Z", "action_flag": 2, "user": 1, "change_message": "Changed transparent_image.", "object_id": "1"}}, {"model": "admin.logentry", "pk": 28, "fields": {"object_repr": "classical push-up", "content_type": 14, "action_time": "2015-09-17T19:30:17.836Z", "action_flag": 1, "user": 1, "change_message": "", "object_id": "3"}}, {"model": "admin.logentry", "pk": 29, "fields": {"object_repr": "diamond push-up", "content_type": 14, "action_time": "2015-09-17T19:31:20.804Z", "action_flag": 1, "user": 1, "change_message": "", "object_id": "4"}}, {"model": "admin.logentry", "pk": 30, "fields": {"object_repr": "spartan push-up", "content_type": 14, "action_time": "2015-09-17T19:32:12.312Z", "action_flag": 1, "user": 1, "change_message": "", "object_id": "5"}}, {"model": "admin.logentry", "pk": 31, "fields": {"object_repr": "spiderman push up", "content_type": 14, "action_time": "2015-09-17T21:59:48.912Z", "action_flag": 2, "user": 1, "change_message": "Added image exercise \"test\".", "object_id": "2"}}, {"model": "admin.logentry", "pk": 32, "fields": {"object_repr": "classical push-up", "content_type": 14, "action_time": "2015-09-18T16:50:40.504Z", "action_flag": 2, "user": 1, "change_message": "Added image exercise \"classical push up\".", "object_id": "3"}}, {"model": "admin.logentry", "pk": 33, "fields": {"object_repr": "Hindu push-up", "content_type": 14, "action_time": "2015-09-18T17:01:22.791Z", "action_flag": 2, "user": 1, "change_message": "Changed image for image exercise \"test image\".", "object_id": "1"}}, {"model": "admin.logentry", "pk": 34, "fields": {"object_repr": "diamond push-up", "content_type": 14, "action_time": "2015-09-18T19:59:58.901Z", "action_flag": 2, "user": 1, "change_message": "Added image exercise \"diamond push up\".", "object_id": "4"}}, {"model": "admin.logentry", "pk": 35, "fields": {"object_repr": "archer push up", "content_type": 14, "action_time": "2015-09-19T15:15:53.322Z", "action_flag": 1, "user": 1, "change_message": "", "object_id": "6"}}, {"model": "admin.logentry", "pk": 36, "fields": {"object_repr": "spartan push-up", "content_type": 14, "action_time": "2015-09-19T15:20:14.491Z", "action_flag": 2, "user": 1, "change_message": "Changed active.", "object_id": "5"}}, {"model": "admin.logentry", "pk": 37, "fields": {"object_repr": "diamond push-up", "content_type": 14, "action_time": "2015-09-23T20:47:54.866Z", "action_flag": 2, "user": 1, "change_message": "Added step \"test\".", "object_id": "4"}}, {"model": "admin.logentry", "pk": 38, "fields": {"object_repr": "diamond push-up", "content_type": 14, "action_time": "2015-09-23T20:49:54.204Z", "action_flag": 2, "user": 1, "change_message": "Added exercise set \"test\".", "object_id": "4"}}, {"model": "admin.logentry", "pk": 39, "fields": {"object_repr": "diamond push-up", "content_type": 14, "action_time": "2015-09-25T06:49:33.394Z", "action_flag": 2, "user": 1, "change_message": "Changed main for exercise set \"test\".", "object_id": "4"}}, {"model": "admin.logentry", "pk": 40, "fields": {"object_repr": "1. test", "content_type": 15, "action_time": "2015-09-25T20:21:03.128Z", "action_flag": 2, "user": 1, "change_message": "Changed index.", "object_id": "1"}}, {"model": "admin.logentry", "pk": 41, "fields": {"object_repr": "0. test", "content_type": 15, "action_time": "2015-09-25T21:27:05.271Z", "action_flag": 2, "user": 1, "change_message": "Changed index.", "object_id": "1"}}, {"model": "admin.logentry", "pk": 42, "fields": {"object_repr": "1. test2", "content_type": 15, "action_time": "2015-09-26T18:54:03.400Z", "action_flag": 1, "user": 1, "change_message": "", "object_id": "2"}}, {"model": "admin.logentry", "pk": 43, "fields": {"object_repr": "diamond push-up", "content_type": 14, "action_time": "2015-09-26T18:54:13.111Z", "action_flag": 2, "user": 1, "change_message": "Changed steps for exercise set \"test\".", "object_id": "4"}}, {"model": "admin.logentry", "pk": 44, "fields": {"object_repr": "1. Place your hands under your chest and make a diamond shape", "content_type": 15, "action_time": "2015-09-26T19:25:40.658Z", "action_flag": 2, "user": 1, "change_message": "Changed name and description.", "object_id": "2"}}, {"model": "admin.logentry", "pk": 45, "fields": {"object_repr": "2. Lower yourself to the ground, then push up.", "content_type": 15, "action_time": "2015-09-26T19:27:09.030Z", "action_flag": 2, "user": 1, "change_message": "Changed name, description, index and image.", "object_id": "1"}}, {"model": "admin.logentry", "pk": 46, "fields": {"object_repr": "1. Place your hands under your chest and make a diamond shape", "content_type": 15, "action_time": "2015-09-26T19:27:20.809Z", "action_flag": 2, "user": 1, "change_message": "Changed image.", "object_id": "2"}}, {"model": "admin.logentry", "pk": 47, "fields": {"object_repr": "how to do a diamond push up", "content_type": 32, "action_time": "2015-09-28T18:16:14.539Z", "action_flag": 1, "user": 1, "change_message": "", "object_id": "1"}}, {"model": "admin.logentry", "pk": 48, "fields": {"object_repr": "level ", "content_type": 15, "action_time": "2015-09-28T18:16:58.747Z", "action_flag": 1, "user": 1, "change_message": "", "object_id": "3"}}, {"model": "admin.logentry", "pk": 49, "fields": {"object_repr": "ExerciseSet object", "content_type": 31, "action_time": "2015-09-28T18:17:26.663Z", "action_flag": 2, "user": 1, "change_message": "Changed how_to, step and position_step.", "object_id": "1"}}, {"model": "admin.logentry", "pk": 50, "fields": {"object_repr": "ExerciseSet object", "content_type": 31, "action_time": "2015-09-28T18:17:40.438Z", "action_flag": 1, "user": 1, "change_message": "", "object_id": "2"}}, {"model": "admin.logentry", "pk": 51, "fields": {"object_repr": "how to do a diamond push up. 1", "content_type": 31, "action_time": "2015-09-28T18:28:20.141Z", "action_flag": 2, "user": 1, "change_message": "Changed step.", "object_id": "1"}}, {"model": "admin.logentry", "pk": 52, "fields": {"object_repr": "tesftgete", "content_type": 15, "action_time": "2015-09-30T17:51:00.125Z", "action_flag": 1, "user": 1, "change_message": "", "object_id": "4"}}, {"model": "admin.logentry", "pk": 53, "fields": {"object_repr": "how to do a diamond push up. 3", "content_type": 31, "action_time": "2015-09-30T17:51:04.765Z", "action_flag": 1, "user": 1, "change_message": "", "object_id": "3"}}, {"model": "admin.logentry", "pk": 54, "fields": {"object_repr": "how to do a diamond push up. 4", "content_type": 31, "action_time": "2015-09-30T17:51:12.659Z", "action_flag": 1, "user": 1, "change_message": "", "object_id": "4"}}, {"model": "admin.logentry", "pk": 55, "fields": {"object_repr": "how to do a diamond push up. 5", "content_type": 31, "action_time": "2015-09-30T17:51:22.893Z", "action_flag": 1, "user": 1, "change_message": "", "object_id": "5"}}, {"model": "admin.logentry", "pk": 56, "fields": {"object_repr": "how to do a diamond push up. 6", "content_type": 31, "action_time": "2015-09-30T17:51:31.901Z", "action_flag": 1, "user": 1, "change_message": "", "object_id": "6"}}, {"model": "admin.logentry", "pk": 57, "fields": {"object_repr": "tesftgete", "content_type": 15, "action_time": "2015-10-14T20:48:07.262Z", "action_flag": 2, "user": 1, "change_message": "Changed image.", "object_id": "4"}}, {"model": "admin.logentry", "pk": 58, "fields": {"object_repr": "how to do a diamond push up. 4", "content_type": 31, "action_time": "2015-10-14T20:49:15.037Z", "action_flag": 2, "user": 1, "change_message": "Changed position_step.", "object_id": "3"}}, {"model": "admin.logentry", "pk": 59, "fields": {"object_repr": "how to do a diamond push up. 3", "content_type": 31, "action_time": "2015-10-14T20:49:32.904Z", "action_flag": 2, "user": 1, "change_message": "Changed position_step.", "object_id": "4"}}, {"model": "admin.logentry", "pk": 60, "fields": {"object_repr": "diamond push-up", "content_type": 14, "action_time": "2015-10-16T22:54:25.811Z", "action_flag": 2, "user": 1, "change_message": "Changed related_exercises.", "object_id": "4"}}, {"model": "admin.logentry", "pk": 61, "fields": {"object_repr": "diamond push-up", "content_type": 14, "action_time": "2015-10-18T16:52:33.346Z", "action_flag": 2, "user": 1, "change_message": "Added video exercise \"diamond-push-up\".", "object_id": "4"}}, {"model": "admin.logentry", "pk": 62, "fields": {"object_repr": "main_muscle_mapping", "content_type": 7, "action_time": "2015-10-26T14:47:29.856Z", "action_flag": 1, "user": 1, "change_message": "", "object_id": "2"}}, {"model": "admin.logentry", "pk": 63, "fields": {"object_repr": "Pectorals", "content_type": 11, "action_time": "2015-10-26T14:59:09.366Z", "action_flag": 2, "user": 1, "change_message": "Added mapping area muscles \"main-chest-mapping\".", "object_id": "1"}}, {"model": "admin.logentry", "pk": 64, "fields": {"object_repr": "main_muscle_mapping", "content_type": 7, "action_time": "2015-10-26T15:00:17.559Z", "action_flag": 2, "user": 1, "change_message": "Changed image.", "object_id": "2"}}]